id;registered_date;;
C996508L;10/07/2021;;
C180415L;18/07/2021;;
C535451L;23/07/2021;;
C177843L;12/07/2021;;
C951682L;27/07/2021;;
C483469L;26/07/2021;;
C346553L;11/07/2021;;
C631361L;15/07/2021;;
C534453L;18/07/2021;;
C404192L;06/07/2021;;
C720927L;17/07/2021;;
C525405L;24/07/2021;;
C614407L;02/07/2021;;
C955726L;23/07/2021;;
C818990L;05/07/2021;;
C143684L;05/07/2021;;
C665132L;27/07/2021;;
C946451L;18/07/2021;;
C113061L;20/07/2021;;
C663962L;13/07/2021;;
C481253L;26/07/2021;;
C200313L;17/07/2021;;
C182986L;04/07/2021;;
C796422L;21/07/2021;;
C333743L;07/07/2021;;
C972737L;21/07/2021;;
C427154L;18/07/2021;;
C676393L;27/07/2021;;
C746973L;11/07/2021;;
C958287L;15/07/2021;;
C815092L;08/07/2021;;
C658145L;13/07/2021;;
C603530L;28/07/2021;;
C856161L;14/07/2021;;
C784668L;26/07/2021;;
C239306L;21/07/2021;;
C154828L;12/07/2021;;
C678257L;23/07/2021;;
C673184L;01/07/2021;;
C225415L;04/07/2021;;
C189009L;02/07/2021;;
C275787L;27/07/2021;;
C618088L;02/07/2021;;
C912653L;25/07/2021;;
C139855L;09/07/2021;;
C292887L;03/07/2021;;
C441893L;07/07/2021;;
C935666L;07/07/2021;;
C792410L;09/07/2021;;
C454551L;11/07/2021;;
C788509L;20/07/2021;;
C117972L;08/07/2021;;
C229632L;07/07/2021;;
C374672L;17/07/2021;;
C271894L;22/07/2021;;
C149325L;06/07/2021;;
C713589L;07/07/2021;;
C127476L;05/07/2021;;
C292536L;09/07/2021;;
C780896L;21/07/2021;;
C315981L;19/07/2021;;
C245955L;23/07/2021;;
C630314L;01/07/2021;;
C864005L;25/07/2021;;
C876097L;12/07/2021;;
C136681L;24/07/2021;;
C893754L;03/07/2021;;
C378684L;03/07/2021;;
C814229L;13/07/2021;;
C885078L;25/07/2021;;
C684857L;01/07/2021;;
C602010L;21/07/2021;;
C894196L;28/07/2021;;
C944883L;01/07/2021;;
C840399L;02/07/2021;;
C505515L;28/07/2021;;
C941362L;27/07/2021;;
C704506L;05/07/2021;;
C648398L;08/07/2021;;
C854145L;19/07/2021;;
C232383L;04/07/2021;;
C396025L;06/07/2021;;
C845064L;16/07/2021;;
C164534L;06/07/2021;;
C149387L;21/07/2021;;
C860675L;16/07/2021;;
C545162L;19/07/2021;;
C670792L;21/07/2021;;
C120887L;01/07/2021;;
C514643L;25/07/2021;;
C559662L;23/07/2021;;
C363500L;25/07/2021;;
C379974L;20/07/2021;;
C288932L;16/07/2021;;
C247150L;05/07/2021;;
C492817L;23/07/2021;;
C520373L;17/07/2021;;
C245825L;18/07/2021;;
C399241L;18/07/2021;;
C619471L;02/07/2021;;
C813303L;14/07/2021;;
C975828L;17/07/2021;;
C948868L;27/07/2021;;
C784378L;09/07/2021;;
C606496L;10/07/2021;;
C654035L;08/07/2021;;
C711255L;09/07/2021;;
C755600L;06/07/2021;;
C283375L;22/07/2021;;
C931442L;28/07/2021;;
C708473L;02/07/2021;;
C191651L;13/07/2021;;
C962381L;14/07/2021;;
C831560L;06/07/2021;;
C512231L;23/07/2021;;
C770029L;16/07/2021;;
C834363L;11/07/2021;;
C573345L;14/07/2021;;
C961131L;23/07/2021;;
C927076L;07/07/2021;;
C455788L;12/07/2021;;
C914093L;04/07/2021;;
C771769L;26/07/2021;;
C231044L;28/07/2021;;
C745817L;08/07/2021;;
C139201L;18/07/2021;;
C665048L;03/07/2021;;
C886734L;10/07/2021;;
C494942L;17/07/2021;;
C569932L;04/07/2021;;
C583837L;24/07/2021;;
C814804L;24/07/2021;;
C375629L;07/07/2021;;
C888201L;06/07/2021;;
C286894L;07/07/2021;;
C379178L;12/07/2021;;
C507554L;10/07/2021;;
C980063L;04/07/2021;;
C578500L;21/07/2021;;
C886127L;04/07/2021;;
C757984L;05/07/2021;;
C272030L;22/07/2021;;
C205701L;02/07/2021;;
C984840L;21/07/2021;;
C875194L;21/07/2021;;
C466172L;28/07/2021;;
C250770L;11/07/2021;;
C681410L;08/07/2021;;
C282791L;14/07/2021;;
C884211L;14/07/2021;;
C756271L;04/07/2021;;
C819822L;09/07/2021;;
C241117L;07/07/2021;;
C131307L;09/07/2021;;
C315116L;10/07/2021;;
C348900L;07/07/2021;;
C341639L;12/07/2021;;
C337654L;19/07/2021;;
C390206L;13/07/2021;;
C365675L;15/07/2021;;
C576889L;04/07/2021;;
C255724L;09/07/2021;;
C990203L;13/07/2021;;
C283300L;11/07/2021;;
C496729L;04/07/2021;;
C247284L;25/07/2021;;
C417156L;07/07/2021;;
C192625L;27/07/2021;;
C407885L;24/07/2021;;
C144323L;11/07/2021;;
C777246L;27/07/2021;;
C326720L;08/07/2021;;
C218142L;23/07/2021;;
C525088L;25/07/2021;;
C427092L;06/07/2021;;
C468561L;14/07/2021;;
C925474L;22/07/2021;;
C987239L;22/07/2021;;
C649500L;12/07/2021;;
C508926L;20/07/2021;;
C931525L;13/07/2021;;
C566303L;12/07/2021;;
C325445L;09/07/2021;;
C759934L;06/07/2021;;
C725184L;19/07/2021;;
C230896L;03/07/2021;;
C454739L;27/07/2021;;
C156505L;28/07/2021;;
C555803L;05/07/2021;;
C989030L;06/07/2021;;
C176792L;01/07/2021;;
C571966L;08/07/2021;;
C188809L;12/07/2021;;
C492850L;09/07/2021;;
C543327L;13/07/2021;;
C845035L;11/07/2021;;
C602518L;01/07/2021;;
C283866L;18/07/2021;;
C890419L;01/07/2021;;
C223672L;14/07/2021;;
C436261L;25/07/2021;;
C560271L;06/07/2021;;
C441237L;19/07/2021;;
C999472L;20/07/2021;;
C550021L;11/07/2021;;
C981219L;25/07/2021;;
C488097L;13/07/2021;;
C465391L;28/07/2021;;
C162721L;26/07/2021;;
C908967L;23/07/2021;;
C372757L;28/07/2021;;
C741634L;09/07/2021;;
C219599L;09/07/2021;;
C411467L;01/07/2021;;
C837860L;10/07/2021;;
C167007L;26/07/2021;;
C485693L;02/07/2021;;
C508080L;15/07/2021;;
C544247L;16/07/2021;;
C166968L;26/07/2021;;
C745016L;23/07/2021;;
C461208L;23/07/2021;;
C412410L;28/07/2021;;
C503615L;15/07/2021;;
C907593L;06/07/2021;;
C126124L;04/07/2021;;
C993393L;28/07/2021;;
C315052L;13/07/2021;;
C538863L;14/07/2021;;
C445034L;18/07/2021;;
C969315L;09/07/2021;;
C493986L;26/07/2021;;
C950055L;08/07/2021;;
C279695L;24/07/2021;;
C605755L;24/07/2021;;
C947564L;26/07/2021;;
C851854L;01/07/2021;;
C631900L;23/07/2021;;
C241017L;28/07/2021;;
C386328L;24/07/2021;;
C218616L;19/07/2021;;
C194185L;28/07/2021;;
C729816L;21/07/2021;;
C857803L;15/07/2021;;
C731475L;15/07/2021;;
C610697L;01/07/2021;;
C269965L;09/07/2021;;
C894919L;23/07/2021;;
C796103L;09/07/2021;;
C919212L;24/07/2021;;
C189483L;22/07/2021;;
C840180L;27/07/2021;;
C835137L;22/07/2021;;
C249867L;04/07/2021;;
C938243L;17/07/2021;;
C734921L;20/07/2021;;
C345763L;21/07/2021;;
C952778L;15/07/2021;;
C848357L;02/07/2021;;
C932085L;06/07/2021;;
C200115L;12/07/2021;;
C933620L;16/07/2021;;
C194353L;15/07/2021;;
C225630L;16/07/2021;;
C850822L;09/07/2021;;
C698097L;15/07/2021;;
C809308L;02/07/2021;;
C682296L;09/07/2021;;
C173821L;16/07/2021;;
C782053L;20/07/2021;;
C772704L;18/07/2021;;
C503253L;22/07/2021;;
C121106L;04/07/2021;;
C545190L;26/07/2021;;
C352487L;24/07/2021;;
C348049L;13/07/2021;;
C234773L;06/07/2021;;
C182629L;24/07/2021;;
C725478L;19/07/2021;;
C484957L;28/07/2021;;
C685669L;24/07/2021;;
C393928L;18/07/2021;;
C342826L;20/07/2021;;
C182031L;13/07/2021;;
C925922L;23/07/2021;;
C145737L;08/07/2021;;
C263996L;13/07/2021;;
C276338L;06/07/2021;;
C896308L;20/07/2021;;
C434444L;13/07/2021;;
C411331L;19/07/2021;;
C807877L;14/07/2021;;
C442998L;15/07/2021;;
C426012L;16/07/2021;;
C529016L;24/07/2021;;
C484667L;14/07/2021;;
C127471L;14/07/2021;;
C770151L;25/07/2021;;
C934120L;04/07/2021;;
C727457L;28/07/2021;;
C425987L;19/07/2021;;
C840567L;01/07/2021;;
C830897L;12/07/2021;;
C342440L;24/07/2021;;
C433743L;01/07/2021;;
C158367L;16/07/2021;;
C535814L;21/07/2021;;
C485919L;19/07/2021;;
C694973L;05/07/2021;;
C593821L;06/07/2021;;
C621883L;02/07/2021;;
C358924L;15/07/2021;;
C916649L;16/07/2021;;
C592423L;18/07/2021;;
C990599L;13/07/2021;;
C506034L;17/07/2021;;
C831683L;03/07/2021;;
C551504L;24/07/2021;;
C602850L;03/07/2021;;
C716182L;26/07/2021;;
C411792L;02/07/2021;;
C908342L;07/07/2021;;
C953171L;18/07/2021;;
C238436L;22/07/2021;;
C631869L;07/07/2021;;
C880793L;25/07/2021;;
C819478L;21/07/2021;;
C823189L;16/07/2021;;
C700972L;24/07/2021;;
C491259L;06/07/2021;;
C188782L;20/07/2021;;
C399101L;14/07/2021;;
C971900L;22/07/2021;;
C371659L;23/07/2021;;
C412936L;16/07/2021;;
C390715L;18/07/2021;;
C282625L;09/07/2021;;
C970117L;22/07/2021;;
C717221L;13/07/2021;;
C448320L;20/07/2021;;
C196051L;28/07/2021;;
C345434L;07/07/2021;;
C607251L;27/07/2021;;
C895286L;16/07/2021;;
C922875L;27/07/2021;;
C469190L;21/07/2021;;
C846375L;26/07/2021;;
C636191L;09/07/2021;;
C898232L;05/07/2021;;
C713301L;26/07/2021;;
C796218L;13/07/2021;;
C154874L;21/07/2021;;
C622053L;09/07/2021;;
C727528L;16/07/2021;;
C196720L;23/07/2021;;
C323746L;19/07/2021;;
C765490L;09/07/2021;;
C140984L;13/07/2021;;
C129011L;08/07/2021;;
C624730L;13/07/2021;;
C729143L;18/07/2021;;
C465805L;15/07/2021;;
C826816L;11/07/2021;;
C170103L;03/07/2021;;
C722375L;02/07/2021;;
C867333L;17/07/2021;;
C704215L;06/07/2021;;
C382868L;07/07/2021;;
C509164L;15/07/2021;;
C584166L;11/07/2021;;
C226151L;04/07/2021;;
C734229L;25/07/2021;;
C748073L;05/07/2021;;
C941200L;12/07/2021;;
C860324L;08/07/2021;;
C976890L;22/07/2021;;
C684531L;10/07/2021;;
C825216L;10/07/2021;;
C241190L;27/07/2021;;
C682102L;25/07/2021;;
C913321L;09/07/2021;;
C199121L;28/07/2021;;
C344343L;26/07/2021;;
C219387L;05/07/2021;;
C673068L;02/07/2021;;
C732052L;16/07/2021;;
C177534L;10/07/2021;;
C616892L;19/07/2021;;
C639455L;28/07/2021;;
C532629L;08/07/2021;;
C986837L;17/07/2021;;
C243200L;21/07/2021;;
C198663L;04/07/2021;;
C179018L;14/07/2021;;
C633382L;13/07/2021;;
C481062L;12/07/2021;;
C506825L;10/07/2021;;
C849740L;20/07/2021;;
C364214L;20/07/2021;;
C333323L;11/07/2021;;
C810023L;19/07/2021;;
C894815L;11/07/2021;;
C375595L;15/07/2021;;
C729877L;27/07/2021;;
C887845L;06/07/2021;;
C343951L;25/07/2021;;
C450527L;25/07/2021;;
C656022L;04/07/2021;;
C873525L;13/07/2021;;
C627638L;02/07/2021;;
C333086L;23/07/2021;;
C546651L;07/07/2021;;
C736830L;21/07/2021;;
C404036L;17/07/2021;;
C652399L;19/07/2021;;
C409316L;21/07/2021;;
C112551L;12/07/2021;;
C180913L;20/07/2021;;
C122490L;25/07/2021;;
C384466L;20/07/2021;;
C740457L;11/07/2021;;
C865004L;11/07/2021;;
C982253L;13/07/2021;;
C652456L;04/07/2021;;
C948816L;26/07/2021;;
C685143L;03/07/2021;;
C814447L;09/07/2021;;
C986224L;01/07/2021;;
C573424L;16/07/2021;;
C822834L;10/07/2021;;
C190091L;14/07/2021;;
C805823L;16/07/2021;;
C695592L;13/07/2021;;
C183650L;16/07/2021;;
C886572L;09/07/2021;;
C520677L;27/07/2021;;
C720917L;06/07/2021;;
C351295L;04/07/2021;;
C367985L;13/07/2021;;
C499591L;04/07/2021;;
C901850L;17/07/2021;;
C848613L;07/07/2021;;
C271531L;03/07/2021;;
C658358L;10/07/2021;;
C194988L;07/07/2021;;
C439232L;10/07/2021;;
C657286L;22/07/2021;;
C469250L;03/07/2021;;
C940999L;19/07/2021;;
C153475L;09/07/2021;;
C690140L;25/07/2021;;
C746995L;25/07/2021;;
C245614L;21/07/2021;;
C375534L;01/07/2021;;
C688551L;01/07/2021;;
C659113L;15/07/2021;;
C349980L;02/07/2021;;
C833878L;02/07/2021;;
C132219L;11/07/2021;;
C913444L;15/07/2021;;
C429168L;21/07/2021;;
C896007L;01/07/2021;;
C191766L;05/07/2021;;
C551264L;26/07/2021;;
C389017L;06/07/2021;;
C899192L;13/07/2021;;
C756954L;24/07/2021;;
C605426L;11/07/2021;;
C429196L;16/07/2021;;
C754495L;11/07/2021;;
C589584L;14/07/2021;;
C995967L;24/07/2021;;
C361840L;02/07/2021;;
C304965L;13/07/2021;;
C541943L;21/07/2021;;
C566270L;21/07/2021;;
C585651L;23/07/2021;;
C204382L;28/07/2021;;
C407736L;08/07/2021;;
C872595L;05/07/2021;;
C163482L;04/07/2021;;
C441526L;23/07/2021;;
C749562L;25/07/2021;;
C849967L;02/07/2021;;
C477686L;09/07/2021;;
C421614L;09/07/2021;;
C822743L;26/07/2021;;
C469738L;14/07/2021;;
C349501L;02/07/2021;;
C613601L;02/07/2021;;
C684985L;07/07/2021;;
C579794L;07/07/2021;;
C853853L;10/07/2021;;
C900833L;02/07/2021;;
C235968L;02/07/2021;;
C812780L;24/07/2021;;
C400506L;06/07/2021;;
C520362L;27/07/2021;;
C464050L;25/07/2021;;
C880398L;13/07/2021;;
C899386L;25/07/2021;;
C648114L;09/07/2021;;
C507403L;22/07/2021;;
C405771L;06/07/2021;;
C332716L;13/07/2021;;
C485577L;25/07/2021;;
C845303L;15/07/2021;;
C143717L;17/07/2021;;
C945996L;26/07/2021;;
C762859L;03/07/2021;;
C682748L;06/07/2021;;
C274718L;17/07/2021;;
C743360L;23/07/2021;;
C844320L;27/07/2021;;
C417848L;08/07/2021;;
C160960L;11/07/2021;;
C691738L;05/07/2021;;
C875810L;19/07/2021;;
C817593L;09/07/2021;;
C227974L;08/07/2021;;
C421043L;05/07/2021;;
C248469L;20/07/2021;;
C649461L;21/07/2021;;
C216698L;01/07/2021;;
C760428L;19/07/2021;;
C668686L;16/08/2021;;
C401196L;13/08/2021;;
C201592L;05/08/2021;;
C869500L;11/08/2021;;
C222107L;26/08/2021;;
C219918L;16/08/2021;;
C220967L;03/08/2021;;
C908694L;10/08/2021;;
C437156L;22/08/2021;;
C232406L;01/08/2021;;
C843783L;04/08/2021;;
C142496L;21/08/2021;;
C940442L;03/08/2021;;
C180533L;23/08/2021;;
C813614L;15/08/2021;;
C521190L;07/08/2021;;
C777089L;01/08/2021;;
C743645L;18/08/2021;;
C738488L;28/08/2021;;
C262890L;07/08/2021;;
C164613L;03/08/2021;;
C167391L;03/08/2021;;
C171592L;07/08/2021;;
C596805L;15/08/2021;;
C752800L;03/08/2021;;
C355284L;24/08/2021;;
C394264L;06/08/2021;;
C319891L;28/08/2021;;
C580092L;06/08/2021;;
C425949L;08/08/2021;;
C246499L;24/08/2021;;
C685632L;20/08/2021;;
C515631L;05/08/2021;;
C861468L;19/08/2021;;
C783306L;10/08/2021;;
C857375L;05/08/2021;;
C287848L;27/08/2021;;
C240581L;27/08/2021;;
C726270L;06/08/2021;;
C688797L;12/08/2021;;
C902527L;27/08/2021;;
C662822L;24/08/2021;;
C359839L;16/08/2021;;
C781213L;23/08/2021;;
C405083L;16/08/2021;;
C125658L;11/08/2021;;
C263779L;18/08/2021;;
C951342L;16/08/2021;;
C501413L;23/08/2021;;
C555783L;27/08/2021;;
C351708L;15/08/2021;;
C823301L;08/08/2021;;
C433401L;22/08/2021;;
C239715L;13/08/2021;;
C863279L;03/08/2021;;
C555245L;06/08/2021;;
C995963L;01/08/2021;;
C211907L;08/08/2021;;
C981765L;28/08/2021;;
C360252L;11/08/2021;;
C835246L;22/08/2021;;
C476508L;19/08/2021;;
C200501L;14/08/2021;;
C820997L;17/08/2021;;
C551004L;03/08/2021;;
C849387L;10/08/2021;;
C339434L;14/08/2021;;
C485098L;02/08/2021;;
C221318L;01/08/2021;;
C811261L;26/08/2021;;
C553033L;23/08/2021;;
C833467L;22/08/2021;;
C986233L;14/08/2021;;
C554530L;02/08/2021;;
C509602L;25/08/2021;;
C813844L;05/08/2021;;
C423535L;28/08/2021;;
C352292L;11/08/2021;;
C646010L;06/08/2021;;
C567924L;09/08/2021;;
C662094L;16/08/2021;;
C435225L;13/08/2021;;
C527232L;13/08/2021;;
C761639L;11/08/2021;;
C450367L;17/08/2021;;
C980464L;07/08/2021;;
C254170L;14/08/2021;;
C230531L;12/08/2021;;
C489289L;08/08/2021;;
C307212L;10/08/2021;;
C607672L;04/08/2021;;
C500766L;07/08/2021;;
C948713L;06/08/2021;;
C358518L;19/08/2021;;
C670300L;05/08/2021;;
C361180L;05/08/2021;;
C220444L;02/08/2021;;
C725097L;15/08/2021;;
C506612L;27/08/2021;;
C928680L;06/08/2021;;
C314047L;12/08/2021;;
C742339L;04/08/2021;;
C940987L;28/08/2021;;
C666371L;23/08/2021;;
C368617L;14/08/2021;;
C639016L;28/08/2021;;
C176578L;23/08/2021;;
C111666L;03/08/2021;;
C866999L;11/08/2021;;
C757189L;23/08/2021;;
C453517L;14/08/2021;;
C670144L;17/08/2021;;
C897819L;06/08/2021;;
C680867L;14/08/2021;;
C780410L;20/08/2021;;
C673861L;01/08/2021;;
C349922L;17/08/2021;;
C699289L;12/08/2021;;
C942292L;16/08/2021;;
C735613L;25/08/2021;;
C541439L;12/08/2021;;
C793479L;17/08/2021;;
C431185L;15/08/2021;;
C607091L;01/08/2021;;
C467150L;25/08/2021;;
C521347L;19/08/2021;;
C447557L;07/08/2021;;
C241930L;17/08/2021;;
C904287L;02/08/2021;;
C966878L;17/08/2021;;
C177044L;21/08/2021;;
C164245L;14/08/2021;;
C370659L;05/08/2021;;
C652012L;17/08/2021;;
C841484L;15/08/2021;;
C356795L;08/08/2021;;
C924610L;10/08/2021;;
C942248L;17/08/2021;;
C385143L;17/08/2021;;
C615267L;18/08/2021;;
C883259L;25/08/2021;;
C908348L;13/08/2021;;
C830695L;20/08/2021;;
C645164L;27/08/2021;;
C353600L;23/08/2021;;
C734785L;28/08/2021;;
C818614L;07/08/2021;;
C761571L;11/08/2021;;
C795284L;21/08/2021;;
C915725L;05/08/2021;;
C776900L;08/08/2021;;
C914322L;16/08/2021;;
C462939L;11/08/2021;;
C612260L;04/08/2021;;
C442089L;01/08/2021;;
C604453L;02/08/2021;;
C760531L;23/08/2021;;
C713657L;19/08/2021;;
C789657L;28/08/2021;;
C512385L;12/08/2021;;
C447442L;07/08/2021;;
C374625L;02/08/2021;;
C615231L;10/08/2021;;
C955739L;10/08/2021;;
C891008L;03/08/2021;;
C669321L;12/08/2021;;
C790491L;19/08/2021;;
C457592L;10/08/2021;;
C159964L;21/08/2021;;
C448684L;23/08/2021;;
C174751L;28/08/2021;;
C218121L;14/08/2021;;
C974989L;21/08/2021;;
C959097L;16/08/2021;;
C673213L;02/08/2021;;
C474548L;10/08/2021;;
C589918L;20/08/2021;;
C713207L;27/08/2021;;
C389857L;24/08/2021;;
C439639L;28/08/2021;;
C649526L;10/08/2021;;
C296839L;20/08/2021;;
C495724L;22/08/2021;;
C396208L;14/08/2021;;
C586717L;12/08/2021;;
C223458L;10/08/2021;;
C576032L;15/08/2021;;
C931953L;14/08/2021;;
C474500L;20/08/2021;;
C825710L;15/08/2021;;
C932902L;14/08/2021;;
C654812L;15/08/2021;;
C895872L;26/08/2021;;
C868378L;18/08/2021;;
C402534L;06/08/2021;;
C538250L;15/08/2021;;
C807265L;14/08/2021;;
C750160L;25/08/2021;;
C980590L;22/08/2021;;
C887442L;02/08/2021;;
C131092L;04/08/2021;;
C160493L;28/08/2021;;
C524286L;11/08/2021;;
C396754L;20/08/2021;;
C908490L;28/08/2021;;
C959285L;14/08/2021;;
C819062L;28/08/2021;;
C951955L;25/08/2021;;
C865419L;24/08/2021;;
C155618L;24/08/2021;;
C585410L;26/08/2021;;
C574563L;20/08/2021;;
C203780L;22/08/2021;;
C207960L;25/08/2021;;
C278349L;15/08/2021;;
C667928L;14/08/2021;;
C795690L;02/08/2021;;
C454136L;20/08/2021;;
C861081L;03/08/2021;;
C118068L;09/08/2021;;
C389393L;09/08/2021;;
C862573L;09/08/2021;;
C555601L;13/08/2021;;
C536776L;06/08/2021;;
C415088L;15/08/2021;;
C138822L;16/08/2021;;
C922403L;22/08/2021;;
C794471L;24/08/2021;;
C984447L;23/08/2021;;
C142320L;23/08/2021;;
C726838L;10/08/2021;;
C739066L;15/08/2021;;
C844341L;04/08/2021;;
C898787L;14/08/2021;;
C674615L;20/08/2021;;
C483498L;23/08/2021;;
C170801L;18/08/2021;;
C808661L;09/08/2021;;
C870403L;17/08/2021;;
C457804L;10/08/2021;;
C664224L;02/08/2021;;
C381836L;26/08/2021;;
C745738L;25/08/2021;;
C387916L;11/08/2021;;
C614043L;07/08/2021;;
C985549L;06/08/2021;;
C903604L;22/08/2021;;
C776904L;17/08/2021;;
C588745L;19/08/2021;;
C415843L;14/08/2021;;
C281598L;18/08/2021;;
C120112L;13/08/2021;;
C299530L;22/08/2021;;
C441689L;21/08/2021;;
C475353L;16/08/2021;;
C612558L;20/08/2021;;
C790797L;23/08/2021;;
C563742L;02/08/2021;;
C370621L;15/08/2021;;
C886812L;03/08/2021;;
C335422L;16/08/2021;;
C166448L;05/08/2021;;
C165936L;11/08/2021;;
C459010L;05/08/2021;;
C982362L;13/08/2021;;
C831829L;24/08/2021;;
C954880L;26/08/2021;;
C331799L;26/08/2021;;
C927720L;25/08/2021;;
C568309L;04/08/2021;;
C550636L;23/08/2021;;
C596264L;19/08/2021;;
C557314L;13/08/2021;;
C948176L;18/08/2021;;
C533411L;26/08/2021;;
C734482L;12/08/2021;;
C898693L;22/08/2021;;
C996536L;10/08/2021;;
C530076L;17/08/2021;;
C140150L;20/08/2021;;
C809029L;08/08/2021;;
C143115L;07/08/2021;;
C117684L;05/08/2021;;
C747459L;07/08/2021;;
C980032L;18/08/2021;;
C766635L;17/08/2021;;
C988568L;24/08/2021;;
C735239L;28/08/2021;;
C263329L;04/08/2021;;
C576524L;26/08/2021;;
C863086L;09/08/2021;;
C323695L;02/08/2021;;
C392983L;09/08/2021;;
C811942L;22/08/2021;;
C805055L;15/08/2021;;
C755090L;22/08/2021;;
C392770L;08/08/2021;;
C864902L;11/08/2021;;
C922671L;24/08/2021;;
C831589L;03/08/2021;;
C422905L;08/08/2021;;
C435496L;27/08/2021;;
C529590L;05/08/2021;;
C872421L;25/08/2021;;
C144948L;12/08/2021;;
C931803L;07/08/2021;;
C865251L;09/08/2021;;
C969541L;05/08/2021;;
C496630L;25/08/2021;;
C937356L;22/08/2021;;
C145587L;16/08/2021;;
C804553L;07/08/2021;;
C515428L;22/08/2021;;
C602747L;03/08/2021;;
C544293L;02/08/2021;;
C581717L;06/08/2021;;
C809770L;21/08/2021;;
C416934L;28/08/2021;;
C359917L;21/08/2021;;
C588707L;15/08/2021;;
C496355L;16/08/2021;;
C224404L;22/08/2021;;
C206125L;19/08/2021;;
C661288L;07/08/2021;;
C876819L;03/08/2021;;
C268391L;06/08/2021;;
C485419L;04/08/2021;;
C287218L;27/08/2021;;
C756072L;25/08/2021;;
C642828L;14/08/2021;;
C298406L;21/08/2021;;
C513353L;03/08/2021;;
C985421L;27/08/2021;;
C738725L;27/08/2021;;
C279046L;25/08/2021;;
C427029L;08/08/2021;;
C712908L;03/08/2021;;
C961921L;15/08/2021;;
C881207L;11/08/2021;;
C813946L;02/08/2021;;
C642945L;26/08/2021;;
C216846L;08/08/2021;;
C567506L;05/08/2021;;
C720213L;27/08/2021;;
C227184L;02/08/2021;;
C324310L;01/08/2021;;
C763154L;13/08/2021;;
C218770L;09/08/2021;;
C281813L;23/08/2021;;
C969977L;09/08/2021;;
C319174L;28/08/2021;;
C556591L;24/08/2021;;
C210751L;28/08/2021;;
C534529L;28/08/2021;;
C293590L;19/08/2021;;
C264730L;05/08/2021;;
C326471L;18/08/2021;;
C561668L;08/08/2021;;
C219363L;03/08/2021;;
C391075L;14/08/2021;;
C745967L;01/08/2021;;
C433456L;22/08/2021;;
C160222L;11/08/2021;;
C229578L;24/08/2021;;
C420956L;11/08/2021;;
C639287L;12/08/2021;;
C796146L;21/08/2021;;
C230401L;22/08/2021;;
C571902L;17/08/2021;;
C562005L;09/08/2021;;
C361277L;05/08/2021;;
C359552L;01/08/2021;;
C399668L;12/08/2021;;
C989089L;01/08/2021;;
C114463L;08/08/2021;;
C327703L;13/08/2021;;
C833021L;05/08/2021;;
C477975L;21/08/2021;;
C324132L;25/08/2021;;
C761925L;18/08/2021;;
C907193L;16/08/2021;;
C941247L;21/09/2021;;
C230351L;28/09/2021;;
C622494L;08/09/2021;;
C964079L;26/09/2021;;
C986058L;28/09/2021;;
C844766L;19/09/2021;;
C449792L;24/09/2021;;
C547681L;04/09/2021;;
C826629L;28/09/2021;;
C205273L;10/09/2021;;
C499900L;23/09/2021;;
C527394L;14/09/2021;;
C696835L;07/09/2021;;
C238059L;14/09/2021;;
C238947L;24/09/2021;;
C213870L;11/09/2021;;
C629286L;14/09/2021;;
C900628L;01/09/2021;;
C892040L;01/09/2021;;
C685936L;10/09/2021;;
C604324L;28/09/2021;;
C145727L;10/09/2021;;
C604951L;19/09/2021;;
C782148L;21/09/2021;;
C852000L;16/09/2021;;
C934798L;28/09/2021;;
C420548L;06/09/2021;;
C410639L;14/09/2021;;
C216179L;21/09/2021;;
C953155L;15/09/2021;;
C215643L;28/09/2021;;
C694207L;18/09/2021;;
C149142L;26/09/2021;;
C333472L;01/09/2021;;
C389258L;07/09/2021;;
C851730L;18/09/2021;;
C204069L;26/09/2021;;
C424876L;03/09/2021;;
C550990L;16/09/2021;;
C776499L;22/09/2021;;
C406990L;12/09/2021;;
C528073L;05/09/2021;;
C558872L;11/09/2021;;
C474371L;16/09/2021;;
C247805L;12/09/2021;;
C508126L;09/09/2021;;
C529160L;23/09/2021;;
C960526L;24/09/2021;;
C901490L;23/09/2021;;
C833446L;22/09/2021;;
C607286L;21/09/2021;;
C627128L;14/09/2021;;
C274501L;03/09/2021;;
C799147L;14/09/2021;;
C424744L;25/09/2021;;
C221507L;17/09/2021;;
C253715L;21/09/2021;;
C792602L;21/09/2021;;
C675111L;05/09/2021;;
C954482L;17/09/2021;;
C857818L;20/09/2021;;
C885565L;10/09/2021;;
C676102L;21/09/2021;;
C857008L;08/09/2021;;
C199888L;23/09/2021;;
C692945L;20/09/2021;;
C292185L;19/09/2021;;
C580970L;21/09/2021;;
C231841L;18/09/2021;;
C643906L;20/09/2021;;
C575152L;10/09/2021;;
C370732L;09/09/2021;;
C315409L;21/09/2021;;
C729377L;15/09/2021;;
C139722L;21/09/2021;;
C177529L;01/09/2021;;
C291272L;17/09/2021;;
C430619L;22/09/2021;;
C587876L;09/09/2021;;
C313927L;20/09/2021;;
C236335L;12/09/2021;;
C300711L;25/09/2021;;
C672640L;17/09/2021;;
C261934L;08/09/2021;;
C305209L;01/09/2021;;
C940603L;02/09/2021;;
C516284L;16/09/2021;;
C264694L;20/09/2021;;
C856436L;11/09/2021;;
C900915L;15/09/2021;;
C385951L;25/09/2021;;
C753019L;23/09/2021;;
C977542L;07/09/2021;;
C811785L;02/09/2021;;
C855070L;24/09/2021;;
C520887L;23/09/2021;;
C111828L;25/09/2021;;
C889581L;13/09/2021;;
C491796L;24/09/2021;;
C772184L;22/09/2021;;
C370725L;09/09/2021;;
C190534L;09/09/2021;;
C749859L;28/09/2021;;
C935675L;09/09/2021;;
C837047L;03/09/2021;;
C209849L;09/09/2021;;
C648252L;08/09/2021;;
C426893L;22/09/2021;;
C555980L;01/09/2021;;
C699194L;12/09/2021;;
C230249L;09/09/2021;;
C545094L;24/09/2021;;
C891022L;08/09/2021;;
C942237L;11/09/2021;;
C824331L;18/09/2021;;
C454203L;12/09/2021;;
C127259L;14/09/2021;;
C631413L;17/09/2021;;
C973354L;14/09/2021;;
C219951L;23/09/2021;;
C762523L;03/09/2021;;
C252303L;21/09/2021;;
C888813L;17/09/2021;;
C370595L;25/09/2021;;
C357709L;26/09/2021;;
C815210L;14/09/2021;;
C778477L;12/09/2021;;
C171718L;16/09/2021;;
C481682L;07/09/2021;;
C247324L;25/09/2021;;
C819324L;03/09/2021;;
C153734L;19/09/2021;;
C494158L;02/09/2021;;
C649372L;19/09/2021;;
C462603L;21/09/2021;;
C602095L;06/09/2021;;
C427267L;23/09/2021;;
C713425L;21/09/2021;;
C712752L;23/09/2021;;
C504330L;26/09/2021;;
C658568L;06/09/2021;;
C840710L;01/09/2021;;
C878658L;03/09/2021;;
C445624L;19/09/2021;;
C120526L;10/09/2021;;
C317768L;22/09/2021;;
C185244L;20/09/2021;;
C914828L;03/09/2021;;
C695070L;10/09/2021;;
C382334L;05/09/2021;;
C407670L;19/09/2021;;
C173822L;11/09/2021;;
C307564L;15/09/2021;;
C699636L;22/09/2021;;
C969876L;19/09/2021;;
C188576L;09/09/2021;;
C712032L;11/09/2021;;
C780560L;26/09/2021;;
C187290L;12/09/2021;;
C293341L;20/09/2021;;
C505840L;07/09/2021;;
C510709L;11/09/2021;;
C661990L;23/09/2021;;
C986391L;28/09/2021;;
C385693L;02/09/2021;;
C339400L;21/09/2021;;
C206666L;17/09/2021;;
C652734L;03/09/2021;;
C566454L;06/09/2021;;
C112258L;06/09/2021;;
C789607L;24/09/2021;;
C394799L;07/09/2021;;
C173604L;20/09/2021;;
C765265L;15/09/2021;;
C328919L;14/09/2021;;
C600734L;27/09/2021;;
C220911L;18/09/2021;;
C263693L;18/09/2021;;
C170228L;14/09/2021;;
C157340L;15/09/2021;;
C693442L;24/09/2021;;
C586337L;16/09/2021;;
C910983L;12/09/2021;;
C494873L;18/09/2021;;
C975259L;22/09/2021;;
C550002L;28/09/2021;;
C391009L;22/09/2021;;
C284772L;16/09/2021;;
C630111L;21/09/2021;;
C521348L;03/09/2021;;
C540782L;03/09/2021;;
C286514L;12/09/2021;;
C416382L;28/09/2021;;
C172885L;22/09/2021;;
C166348L;26/09/2021;;
C269732L;23/09/2021;;
C644721L;08/09/2021;;
C860283L;10/09/2021;;
C939631L;22/09/2021;;
C651504L;17/09/2021;;
C481192L;24/09/2021;;
C617369L;09/09/2021;;
C963211L;06/09/2021;;
C977907L;17/09/2021;;
C871729L;24/09/2021;;
C776994L;05/09/2021;;
C688872L;07/09/2021;;
C363544L;27/09/2021;;
C930720L;10/09/2021;;
C362236L;21/09/2021;;
C296946L;22/09/2021;;
C485631L;26/09/2021;;
C539674L;12/09/2021;;
C153124L;24/09/2021;;
C491617L;27/09/2021;;
C763100L;03/09/2021;;
C631140L;12/09/2021;;
C430351L;13/09/2021;;
C127144L;13/09/2021;;
C741829L;16/09/2021;;
C112612L;17/09/2021;;
C835403L;08/09/2021;;
C933998L;04/09/2021;;
C411258L;17/09/2021;;
C873763L;09/09/2021;;
C764205L;09/09/2021;;
C757915L;08/09/2021;;
C198982L;24/09/2021;;
C258667L;28/09/2021;;
C235021L;07/09/2021;;
C574921L;25/09/2021;;
C702126L;23/09/2021;;
C405819L;28/09/2021;;
C268503L;14/09/2021;;
C630030L;15/09/2021;;
C975587L;28/09/2021;;
C870920L;27/09/2021;;
C406756L;03/09/2021;;
C261295L;26/09/2021;;
C943270L;19/09/2021;;
C418238L;13/09/2021;;
C897925L;22/09/2021;;
C751329L;12/09/2021;;
C392662L;07/09/2021;;
C996931L;23/09/2021;;
C317606L;12/09/2021;;
C432825L;20/09/2021;;
C247716L;05/09/2021;;
C513828L;17/09/2021;;
C413190L;24/09/2021;;
C248894L;08/09/2021;;
C827265L;01/09/2021;;
C794109L;17/09/2021;;
C511866L;19/09/2021;;
C924211L;06/09/2021;;
C266569L;20/09/2021;;
C547850L;07/09/2021;;
C119187L;24/09/2021;;
C149914L;07/09/2021;;
C489981L;22/09/2021;;
C635505L;06/09/2021;;
C411610L;28/09/2021;;
C863131L;21/09/2021;;
C877494L;02/09/2021;;
C241821L;26/09/2021;;
C249412L;21/09/2021;;
C684080L;16/09/2021;;
C274315L;13/09/2021;;
C667729L;15/09/2021;;
C229988L;23/09/2021;;
C952783L;19/09/2021;;
C246492L;14/09/2021;;
C479992L;19/09/2021;;
C118399L;18/09/2021;;
C872920L;18/09/2021;;
C919371L;27/09/2021;;
C620551L;12/09/2021;;
C901633L;17/09/2021;;
C526737L;24/09/2021;;
C300950L;05/09/2021;;
C815290L;28/09/2021;;
C991995L;09/09/2021;;
C487680L;25/09/2021;;
C293389L;01/09/2021;;
C185112L;17/09/2021;;
C268482L;12/09/2021;;
C513549L;28/09/2021;;
C418133L;24/09/2021;;
C343034L;03/09/2021;;
C439929L;27/09/2021;;
C248634L;17/09/2021;;
C475513L;25/09/2021;;
C877981L;24/09/2021;;
C643275L;28/09/2021;;
C622883L;24/09/2021;;
C795566L;05/09/2021;;
C400269L;17/09/2021;;
C508430L;19/09/2021;;
C783325L;22/09/2021;;
C259981L;01/09/2021;;
C804461L;02/09/2021;;
C565920L;12/09/2021;;
C218465L;02/09/2021;;
C117017L;02/09/2021;;
C847031L;15/09/2021;;
C438658L;08/09/2021;;
C736500L;16/09/2021;;
C390416L;27/09/2021;;
C563349L;09/09/2021;;
C670551L;14/09/2021;;
C165068L;10/09/2021;;
C890940L;28/09/2021;;
C166327L;05/09/2021;;
C114466L;20/09/2021;;
C383917L;23/09/2021;;
C865081L;21/09/2021;;
C154215L;07/09/2021;;
C244418L;01/09/2021;;
C410033L;12/09/2021;;
C471285L;24/09/2021;;
C889309L;25/09/2021;;
C556889L;16/09/2021;;
C279241L;25/09/2021;;
C284236L;03/09/2021;;
C978558L;08/09/2021;;
C339395L;28/09/2021;;
C673858L;03/09/2021;;
C757377L;24/09/2021;;
C647809L;07/09/2021;;
C347055L;23/09/2021;;
C504588L;01/09/2021;;
C736562L;18/09/2021;;
C874438L;14/09/2021;;
C356780L;26/09/2021;;
C345656L;05/09/2021;;
C671496L;10/09/2021;;
C675024L;26/09/2021;;
C137539L;04/09/2021;;
C860360L;09/09/2021;;
C697826L;01/09/2021;;
C120003L;05/09/2021;;
C215074L;13/09/2021;;
C944941L;13/09/2021;;
C779646L;19/09/2021;;
C763705L;17/09/2021;;
C351587L;10/09/2021;;
C592059L;08/09/2021;;
C136210L;21/09/2021;;
C623394L;26/09/2021;;
C477798L;02/09/2021;;
C346638L;25/09/2021;;
C329053L;20/09/2021;;
C985193L;20/09/2021;;
C308987L;10/09/2021;;
C546754L;15/09/2021;;
C518179L;20/09/2021;;
C845990L;07/09/2021;;
C419376L;15/09/2021;;
C244357L;22/09/2021;;
C584050L;08/09/2021;;
C922780L;17/09/2021;;
C961302L;20/09/2021;;
C236908L;09/09/2021;;
C572388L;18/09/2021;;
C490497L;20/09/2021;;
C822265L;01/09/2021;;
C512943L;01/09/2021;;
C960072L;19/09/2021;;
C773952L;10/09/2021;;
C572081L;19/09/2021;;
C337717L;28/09/2021;;
C436955L;08/09/2021;;
C790783L;21/09/2021;;
C433008L;12/09/2021;;
C840846L;25/09/2021;;
C469899L;28/09/2021;;
C533639L;04/09/2021;;
C567307L;07/09/2021;;
C672573L;10/09/2021;;
C242231L;22/09/2021;;
C724757L;25/09/2021;;
C742692L;25/09/2021;;
C813361L;14/09/2021;;
C546010L;07/09/2021;;
C687663L;10/09/2021;;
C655017L;01/09/2021;;
C898759L;08/09/2021;;
C266096L;09/09/2021;;
C986196L;09/09/2021;;
C140964L;26/09/2021;;
C312529L;09/09/2021;;
C607118L;20/09/2021;;
C127878L;13/09/2021;;
C634745L;09/09/2021;;
C732744L;21/09/2021;;
C164454L;11/09/2021;;
C816600L;21/09/2021;;
C413769L;09/09/2021;;
C468577L;06/09/2021;;
C646470L;09/09/2021;;
C645518L;22/09/2021;;
C365124L;28/09/2021;;
C721956L;18/09/2021;;
C641246L;01/09/2021;;
C899734L;04/09/2021;;
C702521L;08/09/2021;;
C743457L;03/09/2021;;
C514513L;10/09/2021;;
C545911L;13/09/2021;;
C274332L;19/09/2021;;
C332046L;17/10/2021;;
C701420L;12/10/2021;;
C871045L;10/10/2021;;
C258631L;25/10/2021;;
C817349L;15/10/2021;;
C842885L;07/10/2021;;
C254277L;18/10/2021;;
C469091L;05/10/2021;;
C295721L;14/10/2021;;
C676303L;20/10/2021;;
C599590L;21/10/2021;;
C440374L;02/10/2021;;
C711225L;21/10/2021;;
C991374L;23/10/2021;;
C554105L;06/10/2021;;
C118043L;19/10/2021;;
C988804L;12/10/2021;;
C817108L;09/10/2021;;
C142435L;05/10/2021;;
C640899L;03/10/2021;;
C594019L;28/10/2021;;
C214771L;12/10/2021;;
C225180L;11/10/2021;;
C220785L;24/10/2021;;
C723603L;16/10/2021;;
C236544L;24/10/2021;;
C446232L;08/10/2021;;
C742165L;24/10/2021;;
C714316L;15/10/2021;;
C595809L;09/10/2021;;
C592986L;04/10/2021;;
C383753L;18/10/2021;;
C781404L;05/10/2021;;
C236137L;07/10/2021;;
C487379L;25/10/2021;;
C160191L;28/10/2021;;
C919450L;07/10/2021;;
C527307L;04/10/2021;;
C924458L;03/10/2021;;
C613677L;14/10/2021;;
C406498L;25/10/2021;;
C232436L;11/10/2021;;
C686567L;21/10/2021;;
C208795L;12/10/2021;;
C586692L;28/10/2021;;
C978174L;20/10/2021;;
C447301L;03/10/2021;;
C774835L;12/10/2021;;
C213952L;08/10/2021;;
C871208L;19/10/2021;;
C737831L;23/10/2021;;
C601325L;25/10/2021;;
C399834L;26/10/2021;;
C497410L;17/10/2021;;
C718296L;01/10/2021;;
C141629L;11/10/2021;;
C675381L;03/10/2021;;
C305396L;10/10/2021;;
C824224L;28/10/2021;;
C451823L;23/10/2021;;
C343220L;04/10/2021;;
C816576L;02/10/2021;;
C520904L;02/10/2021;;
C337105L;15/10/2021;;
C247915L;25/10/2021;;
C941719L;12/10/2021;;
C159812L;02/10/2021;;
C576765L;22/10/2021;;
C722470L;19/10/2021;;
C738903L;13/10/2021;;
C453900L;14/10/2021;;
C134281L;05/10/2021;;
C164598L;23/10/2021;;
C990984L;28/10/2021;;
C772440L;23/10/2021;;
C915506L;08/10/2021;;
C963219L;05/10/2021;;
C139822L;09/10/2021;;
C214961L;06/10/2021;;
C803470L;25/10/2021;;
C846643L;15/10/2021;;
C616837L;24/10/2021;;
C595566L;01/10/2021;;
C394803L;08/10/2021;;
C168471L;12/10/2021;;
C459460L;16/10/2021;;
C717869L;11/10/2021;;
C619677L;22/10/2021;;
C509772L;02/10/2021;;
C374751L;06/10/2021;;
C275940L;10/10/2021;;
C170667L;25/10/2021;;
C843559L;05/10/2021;;
C318744L;07/10/2021;;
C177865L;06/10/2021;;
C955839L;06/10/2021;;
C853582L;16/10/2021;;
C615304L;28/10/2021;;
C880315L;14/10/2021;;
C510277L;09/10/2021;;
C688485L;16/10/2021;;
C875936L;07/10/2021;;
C525515L;01/10/2021;;
C556363L;24/10/2021;;
C936732L;06/10/2021;;
C394076L;12/10/2021;;
C321799L;10/10/2021;;
C852354L;14/10/2021;;
C951367L;01/10/2021;;
C690478L;15/10/2021;;
C794673L;03/10/2021;;
C464201L;28/10/2021;;
C407728L;27/10/2021;;
C340065L;22/10/2021;;
C460966L;23/10/2021;;
C761435L;05/10/2021;;
C802941L;25/10/2021;;
C661509L;16/10/2021;;
C933054L;14/10/2021;;
C212757L;01/10/2021;;
C810409L;24/10/2021;;
C607268L;12/10/2021;;
C140927L;13/10/2021;;
C484446L;14/10/2021;;
C717679L;13/10/2021;;
C275711L;05/10/2021;;
C516821L;06/10/2021;;
C189105L;19/10/2021;;
C192004L;10/10/2021;;
C390419L;24/10/2021;;
C827907L;01/10/2021;;
C976384L;17/10/2021;;
C476516L;24/10/2021;;
C491662L;20/10/2021;;
C199781L;25/10/2021;;
C663409L;19/10/2021;;
C845220L;17/10/2021;;
C346363L;10/10/2021;;
C144871L;02/10/2021;;
C323618L;05/10/2021;;
C983849L;07/10/2021;;
C881086L;09/10/2021;;
C985354L;02/10/2021;;
C261068L;05/10/2021;;
C176721L;19/10/2021;;
C299959L;25/10/2021;;
C441288L;05/10/2021;;
C415020L;14/10/2021;;
C284081L;26/10/2021;;
C645832L;14/10/2021;;
C709820L;10/10/2021;;
C112901L;03/10/2021;;
C293498L;12/10/2021;;
C842855L;25/10/2021;;
C830769L;11/10/2021;;
C560989L;13/10/2021;;
C442565L;05/10/2021;;
C240510L;24/10/2021;;
C273269L;06/10/2021;;
C934767L;14/10/2021;;
C203867L;09/10/2021;;
C757933L;27/10/2021;;
C267397L;08/10/2021;;
C852869L;13/10/2021;;
C324691L;03/10/2021;;
C721874L;02/10/2021;;
C157676L;24/10/2021;;
C700804L;24/10/2021;;
C847874L;27/10/2021;;
C446118L;17/10/2021;;
C559905L;21/10/2021;;
C376366L;11/10/2021;;
C450037L;21/10/2021;;
C416181L;20/10/2021;;
C162876L;02/10/2021;;
C835947L;11/10/2021;;
C451085L;03/10/2021;;
C362244L;08/10/2021;;
C507440L;10/10/2021;;
C203778L;15/10/2021;;
C135807L;06/10/2021;;
C864285L;20/10/2021;;
C996448L;20/10/2021;;
C379337L;28/10/2021;;
C618317L;26/10/2021;;
C278013L;25/10/2021;;
C290087L;13/10/2021;;
C595892L;18/10/2021;;
C859189L;07/10/2021;;
C943918L;19/10/2021;;
C828643L;17/10/2021;;
C423808L;09/10/2021;;
C620963L;14/10/2021;;
C682985L;03/10/2021;;
C550642L;11/10/2021;;
C765912L;03/10/2021;;
C208458L;10/10/2021;;
C914272L;21/10/2021;;
C143765L;25/10/2021;;
C767768L;13/10/2021;;
C272151L;12/10/2021;;
C196616L;15/10/2021;;
C242356L;05/10/2021;;
C587654L;22/10/2021;;
C993898L;26/10/2021;;
C463487L;26/10/2021;;
C580181L;20/10/2021;;
C298804L;21/10/2021;;
C405515L;22/10/2021;;
C482428L;26/10/2021;;
C202990L;28/10/2021;;
C597660L;23/10/2021;;
C980973L;27/10/2021;;
C307127L;03/10/2021;;
C330986L;20/10/2021;;
C855073L;06/10/2021;;
C215298L;21/10/2021;;
C999498L;08/10/2021;;
C994724L;03/10/2021;;
C588794L;10/10/2021;;
C487004L;08/10/2021;;
C923611L;21/10/2021;;
C529046L;01/10/2021;;
C203164L;25/10/2021;;
C507202L;13/10/2021;;
C379165L;21/10/2021;;
C251997L;28/10/2021;;
C824913L;22/10/2021;;
C462580L;22/10/2021;;
C608133L;20/10/2021;;
C228201L;01/10/2021;;
C650240L;02/10/2021;;
C419070L;25/10/2021;;
C768693L;03/10/2021;;
C760843L;04/10/2021;;
C595846L;12/10/2021;;
C851620L;06/10/2021;;
C864099L;25/10/2021;;
C953132L;04/10/2021;;
C463842L;16/10/2021;;
C552458L;24/10/2021;;
C310729L;14/10/2021;;
C499996L;18/10/2021;;
C416727L;25/10/2021;;
C850252L;13/10/2021;;
C901461L;04/10/2021;;
C239351L;10/10/2021;;
C989354L;01/10/2021;;
C645152L;26/10/2021;;
C623383L;06/10/2021;;
C543271L;21/10/2021;;
C270517L;28/10/2021;;
C545418L;06/10/2021;;
C421798L;16/10/2021;;
C286548L;13/10/2021;;
C635102L;24/10/2021;;
C791503L;03/10/2021;;
C288707L;25/10/2021;;
C560000L;06/10/2021;;
C629570L;04/10/2021;;
C332699L;02/10/2021;;
C380315L;09/10/2021;;
C464239L;09/10/2021;;
C730690L;22/10/2021;;
C175796L;27/10/2021;;
C199971L;24/10/2021;;
C873660L;23/10/2021;;
C591890L;06/10/2021;;
C720119L;06/10/2021;;
C689256L;10/10/2021;;
C597760L;27/10/2021;;
C607524L;17/10/2021;;
C611777L;10/10/2021;;
C898816L;01/10/2021;;
C214255L;28/10/2021;;
C534379L;26/10/2021;;
C157780L;19/10/2021;;
C320323L;24/10/2021;;
C931355L;15/10/2021;;
C819107L;10/10/2021;;
C997696L;15/10/2021;;
C700155L;10/10/2021;;
C527370L;21/10/2021;;
C500464L;14/10/2021;;
C684090L;23/10/2021;;
C885240L;02/10/2021;;
C368853L;01/10/2021;;
C724739L;11/10/2021;;
C165178L;19/10/2021;;
C374256L;22/10/2021;;
C451226L;05/10/2021;;
C211924L;25/10/2021;;
C213949L;17/10/2021;;
C163934L;14/10/2021;;
C294880L;12/10/2021;;
C292711L;20/10/2021;;
C508903L;22/11/2021;;
C956638L;05/11/2021;;
C878472L;10/11/2021;;
C639248L;10/11/2021;;
C852575L;04/11/2021;;
C395230L;16/11/2021;;
C432780L;13/11/2021;;
C745322L;04/11/2021;;
C424665L;09/11/2021;;
C593433L;25/11/2021;;
C334022L;25/11/2021;;
C223799L;22/11/2021;;
C709150L;16/11/2021;;
C846307L;09/11/2021;;
C727904L;17/11/2021;;
C882122L;04/11/2021;;
C867446L;10/11/2021;;
C777017L;20/11/2021;;
C934566L;22/11/2021;;
C640198L;13/11/2021;;
C475094L;21/11/2021;;
C358830L;16/11/2021;;
C764276L;26/11/2021;;
C194207L;28/11/2021;;
C435752L;05/11/2021;;
C170658L;06/11/2021;;
C700603L;01/11/2021;;
C593262L;13/11/2021;;
C504512L;17/11/2021;;
C503582L;01/11/2021;;
C956989L;17/11/2021;;
C926725L;22/11/2021;;
C781579L;21/11/2021;;
C763722L;15/11/2021;;
C589973L;08/11/2021;;
C175618L;08/11/2021;;
C738132L;23/11/2021;;
C744100L;27/11/2021;;
C438982L;12/11/2021;;
C349194L;11/11/2021;;
C412333L;20/11/2021;;
C756100L;14/11/2021;;
C218108L;08/11/2021;;
C973598L;17/11/2021;;
C131834L;24/11/2021;;
C895064L;18/11/2021;;
C389361L;15/11/2021;;
C960523L;26/11/2021;;
C128626L;16/11/2021;;
C234415L;19/11/2021;;
C669116L;18/11/2021;;
C876695L;21/11/2021;;
C992037L;21/11/2021;;
C221844L;03/11/2021;;
C140900L;16/11/2021;;
C531212L;23/11/2021;;
C946407L;25/11/2021;;
C565819L;04/11/2021;;
C920542L;01/11/2021;;
C603902L;25/11/2021;;
C864846L;08/11/2021;;
C353507L;28/11/2021;;
C821173L;15/11/2021;;
C272191L;21/11/2021;;
C889753L;14/11/2021;;
C642884L;23/11/2021;;
C555864L;17/11/2021;;
C781710L;23/11/2021;;
C903932L;02/11/2021;;
C115129L;15/11/2021;;
C470268L;04/11/2021;;
C451973L;26/11/2021;;
C513311L;23/11/2021;;
C830894L;04/11/2021;;
C610078L;24/11/2021;;
C352946L;12/11/2021;;
C363466L;24/11/2021;;
C157329L;01/11/2021;;
C671834L;04/11/2021;;
C725776L;03/11/2021;;
C954501L;10/11/2021;;
C195629L;01/11/2021;;
C727531L;16/11/2021;;
C133507L;08/11/2021;;
C724168L;02/11/2021;;
C467146L;09/11/2021;;
C263949L;15/11/2021;;
C821592L;01/11/2021;;
C757057L;25/11/2021;;
C120985L;27/11/2021;;
C211296L;10/11/2021;;
C694803L;23/11/2021;;
C807718L;15/11/2021;;
C438591L;18/11/2021;;
C220198L;03/11/2021;;
C942290L;19/11/2021;;
C584636L;17/11/2021;;
C624232L;27/11/2021;;
C591135L;25/11/2021;;
C450972L;23/11/2021;;
C879144L;09/11/2021;;
C311476L;20/11/2021;;
C331093L;08/11/2021;;
C948148L;26/11/2021;;
C614463L;17/11/2021;;
C355168L;18/11/2021;;
C234957L;04/11/2021;;
C791023L;02/11/2021;;
C280001L;27/11/2021;;
C361787L;20/11/2021;;
C634177L;21/11/2021;;
C806822L;16/11/2021;;
C286214L;28/11/2021;;
C314803L;01/11/2021;;
C773709L;08/11/2021;;
C260987L;10/11/2021;;
C968962L;09/11/2021;;
C790722L;19/11/2021;;
C400107L;11/11/2021;;
C624290L;26/11/2021;;
C790408L;01/11/2021;;
C806665L;22/11/2021;;
C320667L;11/11/2021;;
C790632L;03/11/2021;;
C521935L;22/11/2021;;
C613160L;18/11/2021;;
C137906L;03/11/2021;;
C485200L;25/11/2021;;
C182055L;04/11/2021;;
C796307L;23/11/2021;;
C448722L;19/11/2021;;
C898194L;25/11/2021;;
C484780L;22/11/2021;;
C693429L;27/11/2021;;
C243149L;16/11/2021;;
C569357L;02/11/2021;;
C698745L;12/11/2021;;
C349727L;03/11/2021;;
C840840L;12/11/2021;;
C968294L;04/11/2021;;
C304632L;23/11/2021;;
C393377L;09/11/2021;;
C830683L;03/11/2021;;
C823201L;09/11/2021;;
C195703L;19/11/2021;;
C822607L;01/11/2021;;
C118559L;26/11/2021;;
C185164L;26/11/2021;;
C821745L;06/11/2021;;
C661647L;09/11/2021;;
C299819L;04/11/2021;;
C863302L;19/11/2021;;
C979209L;19/11/2021;;
C128609L;23/11/2021;;
C551551L;20/11/2021;;
C364237L;14/11/2021;;
C406317L;27/11/2021;;
C257393L;09/11/2021;;
C786292L;02/11/2021;;
C303681L;03/11/2021;;
C304970L;24/11/2021;;
C423334L;06/11/2021;;
C212997L;15/11/2021;;
C830599L;18/11/2021;;
C685248L;15/11/2021;;
C842170L;16/11/2021;;
C356814L;13/11/2021;;
C262497L;23/11/2021;;
C779932L;21/11/2021;;
C866611L;24/11/2021;;
C599976L;26/11/2021;;
C939411L;21/11/2021;;
C607220L;16/11/2021;;
C185914L;25/11/2021;;
C220405L;07/11/2021;;
C163688L;17/11/2021;;
C473931L;21/11/2021;;
C295317L;22/11/2021;;
C845061L;23/11/2021;;
C299859L;20/11/2021;;
C919222L;28/11/2021;;
C518000L;28/11/2021;;
C368335L;06/11/2021;;
C452735L;03/11/2021;;
C197356L;08/11/2021;;
C642472L;07/11/2021;;
C504900L;17/11/2021;;
C305773L;07/11/2021;;
C350808L;04/11/2021;;
C887703L;18/11/2021;;
C660546L;18/11/2021;;
C291014L;08/11/2021;;
C400722L;14/11/2021;;
C175302L;09/11/2021;;
C642541L;13/11/2021;;
C822217L;25/11/2021;;
C177400L;24/11/2021;;
C707264L;11/11/2021;;
C643883L;17/11/2021;;
C588147L;09/11/2021;;
C751652L;20/11/2021;;
C307555L;06/11/2021;;
C738762L;23/11/2021;;
C780898L;17/11/2021;;
C933325L;12/11/2021;;
C544448L;27/11/2021;;
C625394L;26/11/2021;;
C307395L;02/11/2021;;
C902080L;28/11/2021;;
C809544L;28/11/2021;;
C367336L;27/11/2021;;
C888223L;12/11/2021;;
C539168L;17/11/2021;;
C399878L;24/11/2021;;
C544070L;14/11/2021;;
C551481L;12/11/2021;;
C171874L;12/11/2021;;
C162978L;06/11/2021;;
C969119L;16/11/2021;;
C652874L;15/11/2021;;
C328972L;10/11/2021;;
C158864L;12/11/2021;;
C467527L;28/11/2021;;
C392296L;04/11/2021;;
C807487L;26/11/2021;;
C801478L;06/11/2021;;
C448037L;15/11/2021;;
C302804L;27/11/2021;;
C761888L;04/11/2021;;
C839319L;02/11/2021;;
C278469L;13/11/2021;;
C415161L;22/11/2021;;
C263640L;27/11/2021;;
C848774L;07/11/2021;;
C165059L;25/11/2021;;
C352783L;08/11/2021;;
C181436L;01/11/2021;;
C794985L;15/11/2021;;
C177455L;05/11/2021;;
C164230L;13/11/2021;;
C932944L;22/11/2021;;
C268424L;02/11/2021;;
C883450L;06/11/2021;;
C849054L;04/11/2021;;
C140278L;28/11/2021;;
C998685L;26/11/2021;;
C471171L;19/11/2021;;
C723754L;16/11/2021;;
C463544L;10/11/2021;;
C909222L;11/11/2021;;
C356347L;28/11/2021;;
C157544L;18/11/2021;;
C471753L;27/11/2021;;
C704681L;25/11/2021;;
C942158L;21/11/2021;;
C924102L;26/11/2021;;
C274456L;28/11/2021;;
C491827L;27/11/2021;;
C866418L;26/11/2021;;
C327217L;10/11/2021;;
C181793L;05/11/2021;;
C568231L;18/11/2021;;
C270275L;25/11/2021;;
C588523L;17/11/2021;;
C803189L;03/11/2021;;
C533321L;12/11/2021;;
C460493L;15/11/2021;;
C134158L;20/11/2021;;
C404198L;06/11/2021;;
C883317L;05/11/2021;;
C481158L;12/11/2021;;
C122065L;05/11/2021;;
C166377L;03/11/2021;;
C532671L;07/11/2021;;
C617436L;12/11/2021;;
C477890L;25/11/2021;;
C619230L;16/11/2021;;
C413709L;07/11/2021;;
C664917L;08/11/2021;;
C637337L;25/11/2021;;
C915214L;23/11/2021;;
C315164L;05/11/2021;;
C113767L;15/11/2021;;
C506704L;27/11/2021;;
C561770L;26/11/2021;;
C320654L;06/11/2021;;
C880300L;07/11/2021;;
C994857L;25/11/2021;;
C385646L;05/11/2021;;
C608898L;07/11/2021;;
C160389L;06/11/2021;;
C436011L;22/11/2021;;
C456281L;16/11/2021;;
C339508L;22/11/2021;;
C949083L;08/11/2021;;
C127410L;03/11/2021;;
C210105L;10/11/2021;;
C210702L;18/11/2021;;
C634785L;15/11/2021;;
C546814L;02/11/2021;;
C649308L;05/11/2021;;
C440383L;15/11/2021;;
C504001L;20/11/2021;;
C305030L;07/11/2021;;
C680794L;22/11/2021;;
C404142L;08/11/2021;;
C338216L;28/11/2021;;
C735927L;11/11/2021;;
C128765L;07/11/2021;;
C562634L;18/11/2021;;
C170264L;25/11/2021;;
C749547L;24/11/2021;;
C299472L;20/11/2021;;
C614339L;08/11/2021;;
C134413L;16/11/2021;;
C304951L;10/11/2021;;
C864410L;15/11/2021;;
C993531L;08/11/2021;;
C811269L;07/11/2021;;
C359997L;06/11/2021;;
C954451L;22/11/2021;;
C710795L;10/11/2021;;
C203544L;20/11/2021;;
C904118L;04/11/2021;;
C685596L;19/11/2021;;
C653582L;23/11/2021;;
C499225L;17/11/2021;;
C917454L;01/11/2021;;
C494276L;20/11/2021;;
C913594L;27/11/2021;;
C289646L;23/11/2021;;
C244786L;03/11/2021;;
C434159L;06/11/2021;;
C598721L;18/11/2021;;
C439980L;03/11/2021;;
C971803L;23/11/2021;;
C949023L;27/11/2021;;
C276633L;15/11/2021;;
C801359L;07/11/2021;;
C922717L;15/11/2021;;
C973894L;24/11/2021;;
C628905L;07/11/2021;;
C403187L;26/11/2021;;
C723100L;03/11/2021;;
C415016L;19/11/2021;;
C937948L;25/11/2021;;
C265794L;17/11/2021;;
C970497L;26/11/2021;;
C654928L;10/11/2021;;
C610335L;25/11/2021;;
C542963L;09/11/2021;;
C955087L;08/11/2021;;
C949014L;11/11/2021;;
C492932L;23/11/2021;;
C510008L;08/11/2021;;
C219848L;02/11/2021;;
C317976L;26/11/2021;;
C790532L;26/11/2021;;
C115745L;04/11/2021;;
C495676L;26/11/2021;;
C751424L;16/11/2021;;
C211164L;12/11/2021;;
C780584L;17/11/2021;;
C930724L;02/11/2021;;
C315207L;25/11/2021;;
C860359L;16/11/2021;;
C390010L;25/11/2021;;
C464538L;12/11/2021;;
C788999L;01/11/2021;;
C211465L;02/11/2021;;
C989951L;25/11/2021;;
C856079L;27/11/2021;;
C267737L;15/11/2021;;
C787631L;13/11/2021;;
C256446L;28/11/2021;;
C959549L;22/11/2021;;
C119251L;03/11/2021;;
C222341L;20/11/2021;;
C657362L;06/11/2021;;
C359165L;26/11/2021;;
C230372L;08/11/2021;;
C550308L;06/11/2021;;
C874922L;27/11/2021;;
C267039L;07/11/2021;;
C807422L;22/11/2021;;
C538631L;08/11/2021;;
C254812L;13/11/2021;;
C820319L;24/11/2021;;
C726644L;20/11/2021;;
C992621L;17/11/2021;;
C331978L;23/11/2021;;
C998017L;14/11/2021;;
C847221L;13/11/2021;;
C148215L;07/11/2021;;
C276960L;20/11/2021;;
C869965L;27/11/2021;;
C451013L;22/11/2021;;
C558351L;05/11/2021;;
C542850L;19/11/2021;;
C896860L;01/11/2021;;
C934429L;26/11/2021;;
C426604L;08/11/2021;;
C500105L;03/11/2021;;
C727016L;15/11/2021;;
C310022L;12/11/2021;;
C266522L;04/11/2021;;
C854229L;12/11/2021;;
C301447L;12/11/2021;;
C163269L;24/11/2021;;
C405631L;05/11/2021;;
C717907L;05/11/2021;;
C307227L;17/11/2021;;
C649688L;26/11/2021;;
C243493L;18/11/2021;;
C279787L;19/11/2021;;
C281787L;09/11/2021;;
C410896L;15/11/2021;;
C445586L;24/11/2021;;
C413536L;01/11/2021;;
C972075L;20/11/2021;;
C820598L;06/11/2021;;
C303867L;06/11/2021;;
C562918L;14/11/2021;;
C804945L;11/11/2021;;
C870711L;20/11/2021;;
C639870L;15/11/2021;;
C794879L;26/11/2021;;
C932170L;04/11/2021;;
C388256L;04/11/2021;;
C828392L;07/11/2021;;
C678436L;08/11/2021;;
C251306L;07/11/2021;;
C317777L;06/12/2021;;
C115187L;23/12/2021;;
C955962L;25/12/2021;;
C635495L;07/12/2021;;
C126672L;18/12/2021;;
C814366L;07/12/2021;;
C260117L;23/12/2021;;
C209998L;05/12/2021;;
C756816L;16/12/2021;;
C241302L;06/12/2021;;
C698317L;14/12/2021;;
C499919L;05/12/2021;;
C518173L;14/12/2021;;
C222936L;16/12/2021;;
C434388L;27/12/2021;;
C503407L;26/12/2021;;
C220081L;11/12/2021;;
C613165L;27/12/2021;;
C905006L;12/12/2021;;
C121623L;15/12/2021;;
C686117L;03/12/2021;;
C850633L;20/12/2021;;
C900381L;17/12/2021;;
C985407L;12/12/2021;;
C183230L;17/12/2021;;
C857890L;16/12/2021;;
C945606L;14/12/2021;;
C714247L;03/12/2021;;
C715596L;25/12/2021;;
C127916L;13/12/2021;;
C784615L;11/12/2021;;
C707817L;11/12/2021;;
C318689L;18/12/2021;;
C949498L;14/12/2021;;
C257934L;09/12/2021;;
C459720L;16/12/2021;;
C551324L;08/12/2021;;
C259604L;20/12/2021;;
C796546L;08/12/2021;;
C347288L;04/12/2021;;
C194239L;22/12/2021;;
C332672L;25/12/2021;;
C263041L;23/12/2021;;
C587850L;17/12/2021;;
C198784L;14/12/2021;;
C274430L;10/12/2021;;
C294431L;19/12/2021;;
C806347L;10/12/2021;;
C276703L;06/12/2021;;
C859546L;22/12/2021;;
C609115L;12/12/2021;;
C922594L;04/12/2021;;
C738928L;07/12/2021;;
C417984L;27/12/2021;;
C191638L;05/12/2021;;
C267935L;13/12/2021;;
C720280L;28/12/2021;;
C505925L;22/12/2021;;
C531144L;10/12/2021;;
C191188L;08/12/2021;;
C986991L;12/12/2021;;
C701732L;03/12/2021;;
C890308L;27/12/2021;;
C113520L;11/12/2021;;
C945064L;24/12/2021;;
C939912L;19/12/2021;;
C761017L;11/12/2021;;
C190131L;15/12/2021;;
C782899L;09/12/2021;;
C189137L;21/12/2021;;
C120370L;02/12/2021;;
C269536L;11/12/2021;;
C921743L;22/12/2021;;
C184107L;27/12/2021;;
C286374L;04/12/2021;;
C782790L;04/12/2021;;
C408108L;07/12/2021;;
C132488L;09/12/2021;;
C909114L;24/12/2021;;
C530632L;02/12/2021;;
C324155L;08/12/2021;;
C807552L;18/12/2021;;
C355402L;07/12/2021;;
C691329L;10/12/2021;;
C927784L;27/12/2021;;
C770987L;13/12/2021;;
C811645L;16/12/2021;;
C215461L;06/12/2021;;
C810915L;16/12/2021;;
C931640L;14/12/2021;;
C147101L;28/12/2021;;
C611418L;22/12/2021;;
C394914L;07/12/2021;;
C887943L;11/12/2021;;
C915276L;22/12/2021;;
C997231L;23/12/2021;;
C148479L;22/12/2021;;
C702933L;13/12/2021;;
C407930L;24/12/2021;;
C551259L;10/12/2021;;
C348605L;05/12/2021;;
C360482L;12/12/2021;;
C328276L;15/12/2021;;
C281010L;02/12/2021;;
C461382L;14/12/2021;;
C215028L;05/12/2021;;
C548143L;24/12/2021;;
C775652L;27/12/2021;;
C172015L;23/12/2021;;
C692506L;13/12/2021;;
C132322L;03/12/2021;;
C353221L;20/12/2021;;
C692085L;20/12/2021;;
C920061L;26/12/2021;;
C888995L;12/12/2021;;
C140374L;06/12/2021;;
C498837L;07/12/2021;;
C402053L;25/12/2021;;
C942567L;19/12/2021;;
C548018L;18/12/2021;;
C146418L;05/12/2021;;
C518128L;08/12/2021;;
C207844L;17/12/2021;;
C848031L;25/12/2021;;
C557641L;25/12/2021;;
C716051L;18/12/2021;;
C444616L;21/12/2021;;
C768131L;25/12/2021;;
C977688L;10/12/2021;;
C455163L;23/12/2021;;
C899610L;25/12/2021;;
C528921L;20/12/2021;;
C115023L;15/12/2021;;
C149990L;08/12/2021;;
C282235L;26/12/2021;;
C456801L;06/12/2021;;
C389745L;25/12/2021;;
C457649L;07/12/2021;;
C603679L;14/12/2021;;
C137975L;16/12/2021;;
C691411L;11/12/2021;;
C762891L;10/12/2021;;
C750416L;20/12/2021;;
C247649L;05/12/2021;;
C213343L;27/12/2021;;
C651145L;22/12/2021;;
C534088L;26/12/2021;;
C264821L;22/12/2021;;
C366090L;26/12/2021;;
C702189L;09/12/2021;;
C736540L;03/12/2021;;
C603214L;12/12/2021;;
C140324L;23/12/2021;;
C259075L;08/12/2021;;
C995465L;21/12/2021;;
C306526L;21/12/2021;;
C667680L;23/12/2021;;
C279618L;04/12/2021;;
C203966L;05/12/2021;;
C172703L;16/12/2021;;
C216417L;03/12/2021;;
C509023L;17/12/2021;;
C559107L;13/12/2021;;
C191168L;10/12/2021;;
C934957L;20/12/2021;;
C661635L;23/12/2021;;
C823220L;25/12/2021;;
C201035L;21/12/2021;;
C252501L;03/12/2021;;
C331675L;15/12/2021;;
C555100L;19/12/2021;;
C195816L;22/12/2021;;
C655658L;08/12/2021;;
C892699L;10/12/2021;;
C799421L;09/12/2021;;
C497556L;28/12/2021;;
C395036L;02/12/2021;;
C752501L;24/12/2021;;
C863827L;20/12/2021;;
C126878L;18/12/2021;;
C469416L;20/12/2021;;
C133037L;28/12/2021;;
C418640L;20/12/2021;;
C179316L;05/12/2021;;
C910180L;09/12/2021;;
C474489L;07/12/2021;;
C214319L;12/12/2021;;
C968002L;22/12/2021;;
C670128L;01/12/2021;;
C117787L;02/12/2021;;
C882803L;01/12/2021;;
C231924L;19/12/2021;;
C711764L;09/12/2021;;
C565605L;10/12/2021;;
C916513L;23/12/2021;;
C481499L;27/12/2021;;
C261243L;16/12/2021;;
C576952L;18/12/2021;;
C312106L;06/12/2021;;
C979577L;17/12/2021;;
C395899L;16/12/2021;;
C840032L;17/12/2021;;
C163985L;18/12/2021;;
C280331L;18/12/2021;;
C875370L;15/12/2021;;
C838948L;28/12/2021;;
C319389L;09/12/2021;;
C504884L;25/12/2021;;
C718846L;27/12/2021;;
C245245L;13/12/2021;;
C680479L;20/12/2021;;
C119394L;02/12/2021;;
C493693L;03/12/2021;;
C901597L;21/12/2021;;
C334170L;06/12/2021;;
C619661L;15/12/2021;;
C240208L;22/12/2021;;
C960411L;05/12/2021;;
C580710L;10/12/2021;;
C422949L;09/12/2021;;
C734552L;27/12/2021;;
C839755L;28/12/2021;;
C170839L;21/12/2021;;
C225547L;19/01/2022;;
C120606L;26/01/2022;;
C112088L;27/01/2022;;
C635740L;22/01/2022;;
C880722L;06/01/2022;;
C207995L;28/01/2022;;
C383629L;27/01/2022;;
C563295L;24/01/2022;;
C600018L;16/01/2022;;
C474741L;27/01/2022;;
C443586L;01/01/2022;;
C746876L;28/01/2022;;
C758391L;12/01/2022;;
C373144L;02/01/2022;;
C923240L;04/01/2022;;
C378624L;20/01/2022;;
C417601L;16/01/2022;;
C373784L;18/01/2022;;
C332182L;23/01/2022;;
C489601L;17/01/2022;;
C546633L;09/01/2022;;
C696203L;15/01/2022;;
C605459L;06/01/2022;;
C415262L;14/01/2022;;
C535620L;05/01/2022;;
C903849L;07/01/2022;;
C418606L;03/01/2022;;
C547048L;23/01/2022;;
C135084L;11/01/2022;;
C931263L;27/01/2022;;
C196853L;11/01/2022;;
C513701L;26/01/2022;;
C954660L;25/01/2022;;
C625201L;28/01/2022;;
C269004L;22/01/2022;;
C917760L;12/01/2022;;
C360295L;12/01/2022;;
C454802L;18/01/2022;;
C713972L;01/01/2022;;
C541149L;05/01/2022;;
C921228L;02/01/2022;;
C854213L;27/01/2022;;
C951902L;13/01/2022;;
C638768L;22/01/2022;;
C902805L;22/01/2022;;
C862302L;24/01/2022;;
C431005L;22/01/2022;;
C573259L;09/01/2022;;
C905299L;06/01/2022;;
C844769L;25/01/2022;;
C441523L;21/01/2022;;
C853288L;28/01/2022;;
C694728L;28/01/2022;;
C456367L;01/01/2022;;
C725830L;20/01/2022;;
C630744L;22/01/2022;;
C976932L;16/01/2022;;
C354051L;02/01/2022;;
C954117L;18/01/2022;;
C351531L;19/01/2022;;
C260177L;13/01/2022;;
C479915L;22/01/2022;;
C653184L;25/01/2022;;
C409050L;19/01/2022;;
C124053L;21/01/2022;;
C656885L;20/01/2022;;
C477884L;01/01/2022;;
C486123L;13/01/2022;;
C758455L;07/01/2022;;
C827470L;25/01/2022;;
C644653L;26/01/2022;;
C153430L;27/01/2022;;
C114766L;28/01/2022;;
C493263L;04/01/2022;;
C187532L;28/01/2022;;
C313534L;19/01/2022;;
C688480L;27/01/2022;;
C761951L;11/01/2022;;
C901131L;02/01/2022;;
C588309L;12/01/2022;;
C795657L;03/01/2022;;
C789047L;26/01/2022;;
C242882L;24/01/2022;;
C869172L;20/01/2022;;
C466135L;10/01/2022;;
C685666L;04/01/2022;;
C867277L;21/01/2022;;
C927765L;12/01/2022;;
C714340L;06/01/2022;;
C867930L;11/01/2022;;
C337184L;04/01/2022;;
C264899L;17/01/2022;;
C174527L;13/01/2022;;
C943435L;06/01/2022;;
C727522L;28/01/2022;;
C335101L;11/01/2022;;
C780297L;25/01/2022;;
C876106L;15/01/2022;;
C838657L;13/01/2022;;
C985957L;13/01/2022;;
C380601L;06/01/2022;;
C565719L;21/01/2022;;
C815084L;17/01/2022;;
C572270L;26/01/2022;;
C266750L;23/01/2022;;
C675106L;24/01/2022;;
C658753L;27/01/2022;;
C978166L;20/01/2022;;
C319070L;10/01/2022;;
C858876L;03/01/2022;;
C241633L;09/01/2022;;
C298129L;21/01/2022;;
C804277L;02/01/2022;;
C197222L;11/01/2022;;
C754752L;24/01/2022;;
C910877L;19/01/2022;;
C404912L;16/01/2022;;
C382393L;24/01/2022;;
C509831L;22/01/2022;;
C594854L;26/01/2022;;
C231714L;28/01/2022;;
C578429L;08/01/2022;;
C516599L;10/01/2022;;
C283648L;16/01/2022;;
C795594L;12/01/2022;;
C510095L;25/01/2022;;
C603038L;02/01/2022;;
C395575L;17/01/2022;;
C800316L;27/01/2022;;
C493516L;26/01/2022;;
C175290L;07/01/2022;;
C501549L;12/01/2022;;
C935913L;19/01/2022;;
C352856L;05/01/2022;;
C577018L;09/01/2022;;
C637916L;09/01/2022;;
C597119L;02/01/2022;;
C890492L;25/01/2022;;
C398448L;12/01/2022;;
C699837L;27/01/2022;;
C911330L;10/01/2022;;
C994155L;27/01/2022;;
C275052L;04/01/2022;;
C212002L;06/01/2022;;
C388087L;04/01/2022;;
C214095L;15/01/2022;;
C867913L;24/01/2022;;
C331049L;02/01/2022;;
C206078L;11/01/2022;;
C138865L;04/01/2022;;
C937928L;15/01/2022;;
C934101L;08/01/2022;;
C437043L;21/01/2022;;
C200057L;21/01/2022;;
C483318L;06/01/2022;;
C874059L;16/01/2022;;
C360986L;01/01/2022;;
C817363L;01/01/2022;;
C678807L;10/01/2022;;
C375470L;16/01/2022;;
C728795L;11/01/2022;;
C870086L;17/01/2022;;
C325626L;04/01/2022;;
C191359L;10/01/2022;;
C171667L;22/01/2022;;
C628207L;03/01/2022;;
C398810L;20/01/2022;;
C823922L;15/01/2022;;
C636068L;26/01/2022;;
C139500L;14/01/2022;;
C330571L;21/01/2022;;
C367827L;13/01/2022;;
C417461L;27/01/2022;;
C962578L;11/01/2022;;
C331075L;11/01/2022;;
C431390L;28/01/2022;;
C194983L;27/01/2022;;
C175120L;10/01/2022;;
C465936L;01/01/2022;;
C917631L;06/01/2022;;
C578872L;01/01/2022;;
C657141L;25/01/2022;;
C324312L;28/01/2022;;
C409981L;03/01/2022;;
C917797L;22/01/2022;;
C268849L;26/01/2022;;
C885445L;25/01/2022;;
C243874L;11/01/2022;;
C656414L;04/01/2022;;
C539850L;14/01/2022;;
C668230L;13/01/2022;;
C826850L;06/01/2022;;
C929625L;14/01/2022;;
C779761L;07/01/2022;;
C224765L;17/01/2022;;
C755472L;09/01/2022;;
C802541L;10/01/2022;;
C305512L;21/01/2022;;
C451523L;13/01/2022;;
C168876L;27/01/2022;;
C284729L;10/01/2022;;
C601525L;09/01/2022;;
C696271L;11/01/2022;;
C846752L;19/01/2022;;
C935068L;01/01/2022;;
C724582L;16/01/2022;;
C968454L;14/01/2022;;
C452564L;28/01/2022;;
C171924L;21/01/2022;;
C471143L;23/01/2022;;
C259517L;19/01/2022;;
C811149L;11/01/2022;;
C316366L;25/01/2022;;
C905217L;20/01/2022;;
C987789L;23/01/2022;;
C840493L;04/01/2022;;
C330342L;27/01/2022;;
C837184L;28/01/2022;;
C475876L;27/01/2022;;
C837617L;12/01/2022;;
C832040L;17/01/2022;;
C487094L;25/01/2022;;
C137528L;16/01/2022;;
C598964L;07/01/2022;;
C978527L;03/01/2022;;
C878882L;20/01/2022;;
C319615L;16/01/2022;;
C331164L;17/01/2022;;
C371644L;10/01/2022;;
C985612L;28/01/2022;;
C224432L;02/01/2022;;
C958375L;27/01/2022;;
C185779L;16/01/2022;;
C732924L;04/01/2022;;
C618216L;11/01/2022;;
C506838L;08/01/2022;;
C755258L;22/01/2022;;
C549188L;13/02/2022;;
C504943L;23/02/2022;;
C832673L;10/02/2022;;
C270876L;15/02/2022;;
C352450L;09/02/2022;;
C882579L;25/02/2022;;
C689062L;12/02/2022;;
C468516L;03/02/2022;;
C714613L;26/02/2022;;
C862736L;12/02/2022;;
C267349L;12/02/2022;;
C465263L;01/02/2022;;
C784312L;18/02/2022;;
C749236L;25/02/2022;;
C950218L;06/02/2022;;
C186186L;15/02/2022;;
C955474L;15/02/2022;;
C681745L;04/02/2022;;
C296709L;18/02/2022;;
C123091L;05/02/2022;;
C141366L;17/02/2022;;
C868361L;18/02/2022;;
C812198L;21/02/2022;;
C423010L;09/02/2022;;
C253008L;08/02/2022;;
C774677L;01/02/2022;;
C423193L;03/02/2022;;
C487528L;22/02/2022;;
C205939L;10/02/2022;;
C972704L;10/02/2022;;
C728469L;15/02/2022;;
C118268L;20/02/2022;;
C448063L;15/02/2022;;
C354503L;07/02/2022;;
C553551L;25/02/2022;;
C202773L;19/02/2022;;
C838910L;01/02/2022;;
C995774L;18/02/2022;;
C337702L;05/02/2022;;
C636477L;24/02/2022;;
C898579L;19/02/2022;;
C559720L;09/02/2022;;
C837608L;19/02/2022;;
C878727L;15/02/2022;;
C358152L;24/02/2022;;
C363969L;24/02/2022;;
C308989L;18/02/2022;;
C724832L;15/02/2022;;
C962021L;09/02/2022;;
C914122L;08/02/2022;;
C877022L;02/02/2022;;
C374285L;25/02/2022;;
C290414L;28/02/2022;;
C373264L;17/02/2022;;
C607972L;27/02/2022;;
C569230L;01/02/2022;;
C210865L;18/02/2022;;
C923683L;26/02/2022;;
C220767L;19/02/2022;;
C690107L;22/02/2022;;
C827569L;06/02/2022;;
C630421L;19/02/2022;;
C818315L;20/02/2022;;
C184584L;25/02/2022;;
C447712L;24/02/2022;;
C362680L;21/02/2022;;
C256469L;09/02/2022;;
C222231L;01/02/2022;;
C153551L;26/02/2022;;
C280961L;09/02/2022;;
C675127L;16/02/2022;;
C966663L;23/02/2022;;
C936078L;01/02/2022;;
C221220L;19/02/2022;;
C996869L;10/02/2022;;
C513079L;09/02/2022;;
C982843L;19/02/2022;;
C615419L;20/02/2022;;
C197481L;01/02/2022;;
C520646L;27/02/2022;;
C854773L;22/02/2022;;
C874790L;10/02/2022;;
C939704L;09/02/2022;;
C836769L;23/02/2022;;
C770531L;27/02/2022;;
C738783L;27/02/2022;;
C725701L;02/02/2022;;
C729711L;03/02/2022;;
C220760L;11/02/2022;;
C174885L;13/02/2022;;
C334923L;23/02/2022;;
C296844L;21/02/2022;;
C421319L;02/02/2022;;
C544288L;02/02/2022;;
C655655L;09/02/2022;;
C313074L;08/02/2022;;
C791179L;04/02/2022;;
C265450L;17/02/2022;;
C136019L;10/02/2022;;
C432478L;02/02/2022;;
C836966L;02/02/2022;;
C266463L;15/02/2022;;
C318338L;23/02/2022;;
C629303L;04/02/2022;;
C835970L;25/02/2022;;
C382697L;01/02/2022;;
C634209L;19/02/2022;;
C191776L;27/02/2022;;
C349467L;21/02/2022;;
C610215L;12/02/2022;;
C607754L;18/02/2022;;
C626266L;25/02/2022;;
C735207L;16/02/2022;;
C417708L;14/02/2022;;
C932357L;01/02/2022;;
C822661L;28/02/2022;;
C437385L;28/02/2022;;
C596609L;01/02/2022;;
C336567L;03/02/2022;;
C430739L;02/02/2022;;
C180092L;10/02/2022;;
C317311L;09/02/2022;;
C160662L;14/02/2022;;
C600944L;24/02/2022;;
C522805L;17/02/2022;;
C517770L;22/02/2022;;
C560166L;28/02/2022;;
C686342L;16/02/2022;;
C329062L;09/02/2022;;
C854979L;04/02/2022;;
C702867L;09/02/2022;;
C875125L;04/02/2022;;
C680109L;05/02/2022;;
C128520L;06/02/2022;;
C522289L;10/02/2022;;
C579669L;23/02/2022;;
C574804L;13/02/2022;;
C264023L;15/02/2022;;
C581735L;09/02/2022;;
C558736L;27/02/2022;;
C114871L;17/02/2022;;
C290034L;12/02/2022;;
C505505L;24/02/2022;;
C664685L;09/02/2022;;
C892614L;08/02/2022;;
C851879L;05/02/2022;;
C641048L;15/02/2022;;
C684498L;27/02/2022;;
C724475L;19/02/2022;;
C435019L;10/02/2022;;
C113448L;25/02/2022;;
C231527L;01/02/2022;;
C386951L;04/02/2022;;
C127811L;28/02/2022;;
C139135L;17/02/2022;;
C942480L;24/02/2022;;
C813690L;21/02/2022;;
C783608L;13/02/2022;;
C826722L;22/02/2022;;
C567297L;26/02/2022;;
C713173L;16/02/2022;;
C589485L;15/02/2022;;
C536852L;16/02/2022;;
C167482L;17/02/2022;;
C242250L;03/02/2022;;
C735415L;14/02/2022;;
C433996L;17/02/2022;;
C873482L;18/02/2022;;
C379450L;02/02/2022;;
C883838L;26/02/2022;;
C547456L;04/02/2022;;
C564260L;23/02/2022;;
C601564L;07/02/2022;;
C727310L;27/02/2022;;
C902445L;18/02/2022;;
C454160L;16/02/2022;;
C919468L;23/02/2022;;
C934098L;19/02/2022;;
C192819L;06/02/2022;;
C714124L;26/02/2022;;
C418656L;08/02/2022;;
C383377L;24/02/2022;;
C837518L;17/02/2022;;
C616555L;13/02/2022;;
C321785L;11/02/2022;;
C515694L;26/02/2022;;
C269011L;27/02/2022;;
C595698L;01/02/2022;;
C277620L;21/02/2022;;
C291019L;14/02/2022;;
C821363L;23/02/2022;;
C489717L;13/02/2022;;
C678763L;18/02/2022;;
C774952L;05/02/2022;;
C377576L;02/02/2022;;
C821190L;02/02/2022;;
C415413L;07/02/2022;;
C934459L;25/02/2022;;
C306419L;21/02/2022;;
C650707L;22/02/2022;;
C355658L;05/02/2022;;
C129961L;09/02/2022;;
C309123L;11/02/2022;;
C483534L;09/02/2022;;
C468569L;15/02/2022;;
C617345L;01/02/2022;;
C334571L;25/02/2022;;
C679223L;20/02/2022;;
C579215L;12/02/2022;;
C364511L;06/02/2022;;
C732178L;18/02/2022;;
C661506L;27/02/2022;;
C913601L;26/02/2022;;
C816989L;03/02/2022;;
C422663L;14/02/2022;;
C605914L;11/02/2022;;
C683325L;23/02/2022;;
C839869L;25/02/2022;;
C896131L;05/03/2022;;
C693623L;05/03/2022;;
C871706L;27/03/2022;;
C504457L;12/03/2022;;
C869011L;28/03/2022;;
C995184L;14/03/2022;;
C353508L;06/03/2022;;
C119857L;21/03/2022;;
C670878L;15/03/2022;;
C956932L;01/03/2022;;
C677243L;08/03/2022;;
C577641L;20/03/2022;;
C835942L;15/03/2022;;
C706324L;24/03/2022;;
C875187L;25/03/2022;;
C506255L;17/03/2022;;
C462915L;01/03/2022;;
C787096L;09/03/2022;;
C516304L;20/03/2022;;
C683002L;08/03/2022;;
C709206L;20/03/2022;;
C822501L;25/03/2022;;
C474287L;16/03/2022;;
C900524L;27/03/2022;;
C742231L;08/03/2022;;
C182760L;06/03/2022;;
C767192L;19/03/2022;;
C303166L;26/03/2022;;
C279368L;24/03/2022;;
C637883L;13/03/2022;;
C660544L;07/03/2022;;
C134876L;28/03/2022;;
C660512L;08/03/2022;;
C951338L;27/03/2022;;
C575975L;02/03/2022;;
C313446L;11/03/2022;;
C373286L;25/03/2022;;
C970510L;20/03/2022;;
C514321L;04/03/2022;;
C438548L;20/03/2022;;
C862619L;03/03/2022;;
C413943L;04/03/2022;;
C824702L;16/03/2022;;
C178431L;17/03/2022;;
C402794L;25/03/2022;;
C759123L;10/03/2022;;
C289731L;22/03/2022;;
C393272L;02/03/2022;;
C940154L;17/03/2022;;
C156665L;22/03/2022;;
C306006L;23/03/2022;;
C979878L;13/03/2022;;
C446430L;10/03/2022;;
C835857L;04/03/2022;;
C952100L;22/03/2022;;
C654478L;28/03/2022;;
C855457L;08/03/2022;;
C455218L;15/03/2022;;
C907159L;26/03/2022;;
C288152L;17/03/2022;;
C330163L;11/03/2022;;
C943932L;22/03/2022;;
C248407L;22/03/2022;;
C683691L;13/03/2022;;
C990726L;16/03/2022;;
C735964L;11/03/2022;;
C360321L;22/03/2022;;
C431468L;09/03/2022;;
C147249L;02/03/2022;;
C835751L;26/03/2022;;
C865561L;23/03/2022;;
C670896L;12/03/2022;;
C912151L;17/03/2022;;
C983372L;18/03/2022;;
C548863L;20/03/2022;;
C744728L;08/03/2022;;
C419203L;20/03/2022;;
C715033L;11/03/2022;;
C325085L;04/03/2022;;
C169455L;24/03/2022;;
C394968L;26/03/2022;;
C993996L;22/03/2022;;
C667533L;17/03/2022;;
C927578L;10/03/2022;;
C738648L;08/03/2022;;
C902626L;09/03/2022;;
C594573L;18/03/2022;;
C568016L;24/03/2022;;
C967540L;07/03/2022;;
C172503L;12/03/2022;;
C401539L;19/03/2022;;
C839720L;19/03/2022;;
C549224L;12/03/2022;;
C993688L;16/03/2022;;
C733350L;28/03/2022;;
C863590L;10/03/2022;;
C571352L;12/03/2022;;
C606674L;14/03/2022;;
C866250L;27/03/2022;;
C953757L;22/03/2022;;
C955247L;22/03/2022;;
C300246L;22/03/2022;;
C360250L;17/03/2022;;
C308797L;23/03/2022;;
C430862L;22/03/2022;;
C859598L;02/03/2022;;
C844249L;19/03/2022;;
C621459L;21/03/2022;;
C636267L;01/03/2022;;
C649227L;17/03/2022;;
C992247L;12/03/2022;;
C364393L;12/03/2022;;
C762827L;05/03/2022;;
C507015L;27/03/2022;;
C318171L;09/03/2022;;
C541864L;22/03/2022;;
C872680L;13/03/2022;;
C742109L;15/03/2022;;
C908781L;12/03/2022;;
C765319L;15/03/2022;;
C937013L;22/03/2022;;
C198678L;10/03/2022;;
C205341L;04/03/2022;;
C936258L;19/03/2022;;
C543153L;04/03/2022;;
C955201L;27/03/2022;;
C757268L;28/03/2022;;
C875032L;25/03/2022;;
C289852L;26/03/2022;;
C812535L;04/03/2022;;
C287400L;27/03/2022;;
C213152L;23/03/2022;;
C415752L;21/03/2022;;
C799968L;05/03/2022;;
C263339L;28/03/2022;;
C694063L;28/03/2022;;
C711121L;17/03/2022;;
C333379L;14/03/2022;;
C911481L;22/03/2022;;
C954205L;21/03/2022;;
C536052L;19/03/2022;;
C355869L;23/03/2022;;
C170618L;13/03/2022;;
C707750L;28/03/2022;;
C421227L;25/03/2022;;
C958358L;04/03/2022;;
C381049L;05/03/2022;;
C693125L;26/03/2022;;
C292043L;15/03/2022;;
C817633L;04/03/2022;;
C302068L;09/03/2022;;
C560607L;18/03/2022;;
C828137L;19/03/2022;;
C616920L;05/03/2022;;
C994467L;15/03/2022;;
C476999L;14/03/2022;;
C144554L;13/03/2022;;
C875920L;07/03/2022;;
C540389L;05/03/2022;;
C355195L;15/03/2022;;
C910116L;15/03/2022;;
C157342L;02/03/2022;;
C623160L;12/03/2022;;
C139066L;25/03/2022;;
C995583L;02/03/2022;;
C840288L;21/03/2022;;
C534632L;14/03/2022;;
C133603L;04/03/2022;;
C437231L;10/03/2022;;
C371890L;27/03/2022;;
C271561L;06/03/2022;;
C501840L;14/03/2022;;
C309355L;16/03/2022;;
C527463L;19/03/2022;;
C875408L;05/03/2022;;
C287024L;07/03/2022;;
C168628L;06/03/2022;;
C976222L;10/03/2022;;
C799285L;02/03/2022;;
C574874L;07/03/2022;;
C534503L;21/03/2022;;
C685247L;17/03/2022;;
C493539L;07/03/2022;;
C287258L;06/03/2022;;
C262624L;16/03/2022;;
C538697L;16/03/2022;;
C317326L;03/03/2022;;
C566964L;14/03/2022;;
C505171L;01/03/2022;;
C251748L;06/03/2022;;
C461689L;07/03/2022;;
C499993L;15/03/2022;;
C284309L;17/03/2022;;
C146204L;06/03/2022;;
C983438L;11/03/2022;;
C170689L;26/03/2022;;
C749538L;13/03/2022;;
C496529L;10/03/2022;;
C298284L;27/03/2022;;
C809453L;23/03/2022;;
C737717L;01/03/2022;;
C533294L;14/03/2022;;
C276832L;18/03/2022;;
C347383L;11/03/2022;;
C340781L;02/03/2022;;
C176299L;02/03/2022;;
C587425L;22/03/2022;;
C681607L;15/03/2022;;
C650820L;21/03/2022;;
C844500L;14/03/2022;;
C137924L;16/03/2022;;
C766365L;21/03/2022;;
C370936L;02/03/2022;;
C827455L;15/03/2022;;
C945602L;08/03/2022;;
C134982L;05/03/2022;;
C631417L;07/03/2022;;
C495199L;11/03/2022;;
C856647L;03/03/2022;;
C745528L;05/03/2022;;
C787582L;02/03/2022;;
C413047L;12/03/2022;;
C866995L;01/03/2022;;
C506457L;16/03/2022;;
C444189L;05/03/2022;;
C928388L;10/03/2022;;
C926914L;14/03/2022;;
C617555L;19/03/2022;;
C119111L;07/03/2022;;
C881612L;13/03/2022;;
C159766L;20/03/2022;;
C354470L;20/03/2022;;
C301066L;13/03/2022;;
C502254L;12/03/2022;;
C206269L;13/03/2022;;
C615063L;11/03/2022;;
C654029L;19/03/2022;;
C181565L;01/03/2022;;
C645817L;06/03/2022;;
C920427L;14/03/2022;;
C732158L;23/03/2022;;
C864263L;28/03/2022;;
C374186L;05/03/2022;;
C575920L;24/03/2022;;
C818619L;22/03/2022;;
C221826L;27/03/2022;;
C925101L;28/03/2022;;
C115338L;18/03/2022;;
C168098L;27/03/2022;;
C387425L;13/03/2022;;
C197331L;23/03/2022;;
C545786L;11/04/2022;;
C607344L;08/04/2022;;
C504470L;11/04/2022;;
C733738L;21/04/2022;;
C168992L;10/04/2022;;
C746446L;03/04/2022;;
C494613L;11/04/2022;;
C280043L;04/04/2022;;
C130061L;08/04/2022;;
C901601L;04/04/2022;;
C180988L;16/04/2022;;
C588962L;01/04/2022;;
C666013L;22/04/2022;;
C409862L;27/04/2022;;
C599812L;04/04/2022;;
C137118L;05/04/2022;;
C273843L;20/04/2022;;
C685409L;27/04/2022;;
C666340L;19/04/2022;;
C461801L;08/04/2022;;
C655824L;08/04/2022;;
C695771L;05/04/2022;;
C740131L;15/04/2022;;
C536359L;22/04/2022;;
C371673L;03/04/2022;;
C388058L;17/04/2022;;
C890155L;09/04/2022;;
C520835L;03/04/2022;;
C519036L;16/04/2022;;
C390635L;23/04/2022;;
C242328L;19/04/2022;;
C137982L;02/04/2022;;
C244068L;25/04/2022;;
C923763L;08/04/2022;;
C678154L;23/04/2022;;
C127184L;09/04/2022;;
C365512L;02/04/2022;;
C190902L;19/04/2022;;
C457308L;21/04/2022;;
C488014L;19/04/2022;;
C879647L;09/04/2022;;
C539086L;19/04/2022;;
C536378L;25/04/2022;;
C449403L;13/04/2022;;
C734683L;16/04/2022;;
C817964L;27/04/2022;;
C365826L;24/04/2022;;
C452972L;21/04/2022;;
C143245L;10/04/2022;;
C397885L;24/04/2022;;
C650769L;14/04/2022;;
C182622L;08/04/2022;;
C252035L;11/04/2022;;
C373791L;22/04/2022;;
C737801L;23/04/2022;;
C200120L;10/04/2022;;
C766565L;04/04/2022;;
C749653L;23/04/2022;;
C861782L;22/04/2022;;
C242838L;04/04/2022;;
C312237L;02/04/2022;;
C774989L;15/04/2022;;
C956206L;15/04/2022;;
C132041L;05/04/2022;;
C812323L;23/04/2022;;
C143092L;20/04/2022;;
C766353L;20/04/2022;;
C741034L;23/04/2022;;
C356966L;22/04/2022;;
C764741L;20/04/2022;;
C787008L;22/04/2022;;
C145094L;26/04/2022;;
C249483L;21/04/2022;;
C823087L;26/04/2022;;
C964914L;12/04/2022;;
C331122L;09/04/2022;;
C908803L;20/04/2022;;
C937189L;13/04/2022;;
C841181L;21/04/2022;;
C475080L;27/04/2022;;
C115156L;27/04/2022;;
C738655L;15/04/2022;;
C415003L;06/04/2022;;
C414678L;08/04/2022;;
C626607L;17/04/2022;;
C628245L;12/04/2022;;
C375089L;18/04/2022;;
C331662L;01/04/2022;;
C615777L;25/04/2022;;
C843167L;20/04/2022;;
C123638L;19/04/2022;;
C424077L;25/04/2022;;
C693415L;12/04/2022;;
C601204L;28/04/2022;;
C610206L;12/04/2022;;
C363012L;16/04/2022;;
C130292L;28/04/2022;;
C422171L;22/04/2022;;
C169476L;28/04/2022;;
C653797L;03/04/2022;;
C682272L;20/04/2022;;
C799927L;01/04/2022;;
C819397L;05/04/2022;;
C276022L;09/04/2022;;
C486028L;08/04/2022;;
C146757L;08/04/2022;;
C510816L;14/04/2022;;
C824683L;14/04/2022;;
C224183L;07/04/2022;;
C543751L;24/04/2022;;
C960097L;10/04/2022;;
C813380L;05/04/2022;;
C577894L;22/04/2022;;
C570200L;04/04/2022;;
C150251L;05/04/2022;;
C180595L;22/04/2022;;
C285417L;18/04/2022;;
C634098L;03/04/2022;;
C584267L;16/04/2022;;
C228751L;17/04/2022;;
C747623L;20/04/2022;;
C865334L;24/04/2022;;
C984747L;17/04/2022;;
C189167L;20/04/2022;;
C624203L;17/04/2022;;
C871391L;17/04/2022;;
C317585L;25/04/2022;;
C913727L;06/04/2022;;
C612225L;24/04/2022;;
C261650L;14/04/2022;;
C756592L;15/04/2022;;
C145580L;08/04/2022;;
C689707L;13/04/2022;;
C849015L;01/04/2022;;
C489513L;07/04/2022;;
C318908L;04/04/2022;;
C355709L;10/04/2022;;
C594887L;16/04/2022;;
C566168L;09/04/2022;;
C305124L;14/04/2022;;
C246788L;06/04/2022;;
C558438L;24/04/2022;;
C817637L;25/04/2022;;
C514596L;09/04/2022;;
C864684L;04/04/2022;;
C904890L;05/04/2022;;
C543214L;20/04/2022;;
C499796L;06/04/2022;;
C352171L;20/04/2022;;
C162016L;27/04/2022;;
C618173L;17/04/2022;;
C116575L;28/04/2022;;
C388303L;07/04/2022;;
C508875L;23/04/2022;;
C805886L;13/04/2022;;
C370584L;01/04/2022;;
C165124L;01/04/2022;;
C233836L;20/04/2022;;
C278206L;18/04/2022;;
C766077L;21/04/2022;;
C640667L;11/04/2022;;
C371126L;14/04/2022;;
C580039L;25/04/2022;;
C860548L;27/04/2022;;
C127081L;22/04/2022;;
C214179L;03/04/2022;;
C297572L;20/04/2022;;
C498440L;24/04/2022;;
C628603L;24/04/2022;;
C765928L;03/04/2022;;
C909857L;02/04/2022;;
C590925L;19/04/2022;;
C125637L;05/04/2022;;
C525578L;03/04/2022;;
C396511L;10/04/2022;;
C130579L;16/04/2022;;
C297159L;13/04/2022;;
C310610L;18/04/2022;;
C900279L;25/04/2022;;
C557586L;03/04/2022;;
C137305L;16/04/2022;;
C275774L;27/04/2022;;
C288695L;06/04/2022;;
C129183L;04/04/2022;;
C563598L;25/04/2022;;
C600915L;27/04/2022;;
C858616L;15/04/2022;;
C752545L;17/04/2022;;
C836809L;27/04/2022;;
C784177L;07/04/2022;;
C391465L;16/04/2022;;
C440667L;27/04/2022;;
C926482L;08/04/2022;;
C297614L;02/04/2022;;
C122312L;24/04/2022;;
C289850L;16/04/2022;;
C738195L;11/04/2022;;
C745297L;24/04/2022;;
C475398L;06/04/2022;;
C164603L;22/04/2022;;
C439080L;23/04/2022;;
C805381L;13/04/2022;;
C862627L;10/04/2022;;
C246740L;16/04/2022;;
C781833L;24/04/2022;;
C479569L;24/04/2022;;
C259307L;02/04/2022;;
C934224L;08/05/2022;;
C297208L;11/05/2022;;
C475783L;01/05/2022;;
C800136L;04/05/2022;;
C827195L;23/05/2022;;
C816287L;18/05/2022;;
C961402L;19/05/2022;;
C435250L;28/05/2022;;
C643176L;06/05/2022;;
C120098L;21/05/2022;;
C653936L;25/05/2022;;
C117628L;16/05/2022;;
C453519L;01/05/2022;;
C919265L;27/05/2022;;
C944877L;21/05/2022;;
C322598L;17/05/2022;;
C402221L;28/05/2022;;
C890814L;20/05/2022;;
C556985L;26/05/2022;;
C795882L;02/05/2022;;
C280189L;19/05/2022;;
C253252L;21/05/2022;;
C150198L;13/05/2022;;
C461943L;09/05/2022;;
C966450L;14/05/2022;;
C175409L;05/05/2022;;
C904399L;16/05/2022;;
C813440L;03/05/2022;;
C715327L;26/05/2022;;
C954865L;26/05/2022;;
C807888L;22/05/2022;;
C198991L;11/05/2022;;
C189126L;01/05/2022;;
C427430L;25/05/2022;;
C795421L;26/05/2022;;
C555478L;17/05/2022;;
C338436L;21/05/2022;;
C539377L;22/05/2022;;
C850251L;22/05/2022;;
C536383L;06/05/2022;;
C869608L;27/05/2022;;
C730593L;08/05/2022;;
C538976L;20/05/2022;;
C317146L;03/05/2022;;
C268356L;15/05/2022;;
C268664L;04/05/2022;;
C296643L;08/05/2022;;
C485651L;20/05/2022;;
C881387L;08/05/2022;;
C563099L;12/05/2022;;
C539859L;28/05/2022;;
C673426L;21/05/2022;;
C228470L;28/05/2022;;
C192570L;11/05/2022;;
C139143L;16/05/2022;;
C404107L;22/05/2022;;
C444739L;24/05/2022;;
C287945L;11/05/2022;;
C479492L;19/05/2022;;
C116160L;05/05/2022;;
C706912L;09/05/2022;;
C444944L;10/05/2022;;
C862535L;18/05/2022;;
C242737L;20/05/2022;;
C830977L;26/05/2022;;
C561993L;10/05/2022;;
C254201L;15/05/2022;;
C344605L;23/05/2022;;
C736100L;13/05/2022;;
C816773L;12/05/2022;;
C838641L;12/05/2022;;
C263063L;24/05/2022;;
C355357L;01/05/2022;;
C862094L;13/05/2022;;
C849804L;21/05/2022;;
C370534L;22/05/2022;;
C450606L;19/05/2022;;
C111808L;23/05/2022;;
C713963L;04/05/2022;;
C376735L;24/05/2022;;
C622272L;19/05/2022;;
C388624L;27/05/2022;;
C327170L;23/05/2022;;
C400500L;01/05/2022;;
C341700L;19/05/2022;;
C652463L;26/05/2022;;
C186133L;19/05/2022;;
C555148L;08/05/2022;;
C300966L;16/05/2022;;
C225030L;05/05/2022;;
C282103L;06/05/2022;;
C653993L;01/05/2022;;
C509242L;28/05/2022;;
C283740L;03/05/2022;;
C415068L;09/05/2022;;
C182772L;07/05/2022;;
C740296L;24/05/2022;;
C272818L;07/05/2022;;
C249528L;15/05/2022;;
C471304L;13/05/2022;;
C378820L;12/05/2022;;
C589059L;06/05/2022;;
C701690L;06/05/2022;;
C957057L;12/05/2022;;
C213587L;28/05/2022;;
C955805L;23/05/2022;;
C904633L;19/05/2022;;
C620104L;17/05/2022;;
C299714L;02/05/2022;;
C446527L;11/05/2022;;
C779296L;04/05/2022;;
C455118L;28/05/2022;;
C792683L;23/05/2022;;
C432709L;10/05/2022;;
C813497L;14/05/2022;;
C536377L;10/05/2022;;
C340278L;14/05/2022;;
C189692L;02/05/2022;;
C884094L;20/05/2022;;
C806991L;20/05/2022;;
C329226L;18/05/2022;;
C314395L;06/05/2022;;
C575719L;01/05/2022;;
C890325L;02/05/2022;;
C662698L;06/05/2022;;
C500995L;11/05/2022;;
C325107L;03/05/2022;;
C930868L;15/05/2022;;
C253783L;04/05/2022;;
C353808L;09/05/2022;;
C535886L;17/05/2022;;
C306772L;02/05/2022;;
C671304L;24/05/2022;;
C363835L;24/05/2022;;
C521295L;04/05/2022;;
C759150L;17/05/2022;;
C949094L;15/05/2022;;
C538751L;10/05/2022;;
C719440L;16/05/2022;;
C261226L;17/05/2022;;
C540855L;06/05/2022;;
C954151L;17/05/2022;;
C226430L;08/05/2022;;
C217289L;07/05/2022;;
C426132L;25/05/2022;;
C388719L;24/05/2022;;
C593294L;07/05/2022;;
C337705L;01/05/2022;;
C862596L;02/05/2022;;
C284316L;17/05/2022;;
C690725L;04/05/2022;;
C454055L;13/05/2022;;
C192846L;07/05/2022;;
C822231L;21/05/2022;;
C749915L;23/05/2022;;
C368601L;04/05/2022;;
C152073L;15/05/2022;;
C755329L;02/05/2022;;
C963796L;04/05/2022;;
C825985L;16/05/2022;;
C818119L;11/05/2022;;
C421236L;21/05/2022;;
C763103L;24/05/2022;;
C824945L;28/05/2022;;
C405772L;02/05/2022;;
C665170L;26/05/2022;;
C850185L;07/05/2022;;
C773860L;19/05/2022;;
C559026L;17/05/2022;;
C697369L;19/05/2022;;
C271135L;08/05/2022;;
C522507L;27/05/2022;;
C660912L;06/05/2022;;
C544122L;13/05/2022;;
C262851L;23/05/2022;;
C186576L;19/05/2022;;
C511061L;17/05/2022;;
C154448L;02/05/2022;;
C552927L;27/05/2022;;
C684117L;06/05/2022;;
C491806L;04/05/2022;;
C990535L;03/05/2022;;
C853448L;05/05/2022;;
C342926L;16/05/2022;;
C829183L;27/05/2022;;
C700241L;05/05/2022;;
C175928L;13/05/2022;;
C350955L;22/05/2022;;
C693323L;18/05/2022;;
C814555L;24/05/2022;;
C866875L;17/05/2022;;
C465666L;05/05/2022;;
C778147L;15/05/2022;;
C652064L;15/05/2022;;
C566330L;10/05/2022;;
C533504L;12/05/2022;;
C904928L;18/05/2022;;
C269751L;04/05/2022;;
C439027L;20/05/2022;;
C246762L;08/05/2022;;
C723722L;03/05/2022;;
C700565L;20/05/2022;;
C923141L;08/05/2022;;
C907186L;08/05/2022;;
C618250L;14/05/2022;;
C382290L;15/05/2022;;
C565100L;07/05/2022;;
C744990L;21/05/2022;;
C712686L;16/05/2022;;
C387663L;02/05/2022;;
C225454L;12/05/2022;;
C717684L;05/05/2022;;
C795919L;08/05/2022;;
C410720L;19/05/2022;;
C174733L;14/05/2022;;
C312859L;05/05/2022;;
C692439L;21/05/2022;;
C330641L;19/05/2022;;
C826406L;04/05/2022;;
C289178L;11/05/2022;;
C314557L;13/05/2022;;
C844272L;05/05/2022;;
C795052L;18/05/2022;;
C516797L;05/05/2022;;
C434751L;02/05/2022;;
C522216L;12/05/2022;;
C940970L;18/05/2022;;
C499098L;11/05/2022;;
C821685L;15/05/2022;;
C304906L;01/05/2022;;
C549342L;20/05/2022;;
C936402L;03/05/2022;;
C249842L;03/05/2022;;
C316209L;26/05/2022;;
C878612L;21/05/2022;;
C490081L;09/05/2022;;
C438206L;25/05/2022;;
C642425L;11/05/2022;;
C131997L;18/05/2022;;
C464051L;06/05/2022;;
C638038L;08/05/2022;;
C464900L;15/05/2022;;
C130469L;23/05/2022;;
C157296L;23/05/2022;;
C912380L;22/05/2022;;
C333874L;03/05/2022;;
C553296L;12/05/2022;;
C196682L;09/05/2022;;
C810568L;10/05/2022;;
C460610L;16/05/2022;;
C309247L;08/05/2022;;
C332643L;24/05/2022;;
C211322L;07/05/2022;;
C593574L;08/05/2022;;
C832050L;05/05/2022;;
C203840L;20/05/2022;;
C562441L;26/05/2022;;
C575072L;17/05/2022;;
C307257L;07/05/2022;;
C178509L;04/05/2022;;
C827330L;18/05/2022;;
C969588L;07/05/2022;;
C245316L;16/05/2022;;
C894573L;05/05/2022;;
C974881L;01/05/2022;;
C368658L;19/05/2022;;
C803642L;24/05/2022;;
C820507L;07/05/2022;;
C647975L;12/05/2022;;
C554024L;09/05/2022;;
C451930L;13/05/2022;;
C354444L;26/05/2022;;
C562870L;11/05/2022;;
C868076L;11/05/2022;;
C552222L;04/05/2022;;
C863732L;26/05/2022;;
C610917L;04/05/2022;;
C727494L;24/05/2022;;
C156959L;04/05/2022;;
C194982L;25/05/2022;;
C900615L;28/05/2022;;
C641308L;16/05/2022;;
C176332L;06/05/2022;;
C287376L;28/05/2022;;
C671880L;22/05/2022;;
C317259L;04/05/2022;;
C193256L;06/05/2022;;
C499813L;03/05/2022;;
C879247L;11/05/2022;;
C146794L;21/05/2022;;
C247409L;23/05/2022;;
C188448L;18/05/2022;;
C263110L;26/05/2022;;
C519112L;24/06/2022;;
C965864L;17/06/2022;;
C287856L;16/06/2022;;
C373284L;14/06/2022;;
C950477L;20/06/2022;;
C913874L;05/06/2022;;
C341015L;18/06/2022;;
C654926L;19/06/2022;;
C391618L;02/06/2022;;
C715337L;11/06/2022;;
C321679L;10/06/2022;;
C375799L;04/06/2022;;
C765777L;05/06/2022;;
C635713L;11/06/2022;;
C115470L;11/06/2022;;
C678199L;02/06/2022;;
C992994L;08/06/2022;;
C265629L;18/06/2022;;
C812812L;16/06/2022;;
C928110L;08/06/2022;;
C533080L;09/06/2022;;
C326061L;21/06/2022;;
C529841L;16/06/2022;;
C240853L;02/06/2022;;
C264319L;04/06/2022;;
C628392L;08/06/2022;;
C887786L;09/06/2022;;
C449730L;26/06/2022;;
C601425L;13/06/2022;;
C214165L;16/06/2022;;
C796755L;22/06/2022;;
C697518L;06/06/2022;;
C143396L;06/06/2022;;
C585116L;16/06/2022;;
C678301L;01/06/2022;;
C560959L;01/06/2022;;
C247380L;02/06/2022;;
C491588L;07/06/2022;;
C185073L;14/06/2022;;
C174427L;18/06/2022;;
C948604L;22/06/2022;;
C458563L;13/06/2022;;
C713431L;22/06/2022;;
C978790L;22/06/2022;;
C658999L;02/06/2022;;
C438346L;13/06/2022;;
C141121L;19/06/2022;;
C491779L;23/06/2022;;
C269025L;21/06/2022;;
C549364L;17/06/2022;;
C855079L;12/06/2022;;
C533158L;25/06/2022;;
C930191L;04/06/2022;;
C657376L;05/06/2022;;
C440306L;23/06/2022;;
C888281L;05/06/2022;;
C665146L;27/06/2022;;
C413469L;09/06/2022;;
C248905L;05/06/2022;;
C735448L;06/06/2022;;
C460487L;21/06/2022;;
C144215L;14/06/2022;;
C344377L;06/06/2022;;
C606418L;25/06/2022;;
C537394L;02/06/2022;;
C403740L;14/06/2022;;
C606851L;05/06/2022;;
C883602L;12/06/2022;;
C118563L;07/06/2022;;
C944560L;22/06/2022;;
C870613L;10/06/2022;;
C541932L;05/06/2022;;
C216573L;10/06/2022;;
C825085L;05/06/2022;;
C691189L;21/06/2022;;
C150653L;07/06/2022;;
C455662L;09/06/2022;;
C560133L;25/06/2022;;
C719704L;18/06/2022;;
C306430L;20/06/2022;;
C609754L;22/06/2022;;
C420873L;22/06/2022;;
C451335L;11/06/2022;;
C630762L;19/06/2022;;
C809015L;13/06/2022;;
C491883L;26/06/2022;;
C402823L;15/06/2022;;
C949082L;21/06/2022;;
C534934L;14/06/2022;;
C798016L;05/06/2022;;
C576787L;20/06/2022;;
C329646L;02/06/2022;;
C293646L;02/06/2022;;
C856545L;25/06/2022;;
C318081L;17/06/2022;;
C785729L;15/06/2022;;
C535715L;28/06/2022;;
C480341L;25/06/2022;;
C301616L;25/06/2022;;
C653565L;09/06/2022;;
C279591L;02/06/2022;;
C174413L;14/06/2022;;
C981321L;09/06/2022;;
C725037L;20/06/2022;;
C129799L;01/06/2022;;
C837241L;11/06/2022;;
C303491L;01/06/2022;;
C865882L;14/06/2022;;
C361493L;28/06/2022;;
C180508L;18/06/2022;;
C885913L;16/06/2022;;
C452344L;01/06/2022;;
C425404L;08/06/2022;;
C131864L;16/06/2022;;
C655359L;03/06/2022;;
C410131L;09/06/2022;;
C624297L;13/06/2022;;
C169465L;27/06/2022;;
C339498L;19/06/2022;;
C988571L;17/06/2022;;
C505120L;08/06/2022;;
C744751L;19/06/2022;;
C196161L;12/06/2022;;
C297858L;20/06/2022;;
C617057L;03/06/2022;;
C667472L;23/06/2022;;
C241052L;01/06/2022;;
C323025L;28/06/2022;;
C357056L;26/06/2022;;
C686513L;16/06/2022;;
C708585L;19/06/2022;;
C234358L;17/06/2022;;
C367865L;21/06/2022;;
C336752L;11/06/2022;;
C483017L;24/06/2022;;
C572593L;12/06/2022;;
C432189L;10/06/2022;;
C469380L;15/06/2022;;
C588150L;04/06/2022;;
C714630L;24/06/2022;;
C552065L;27/06/2022;;
C687298L;09/06/2022;;
C640730L;12/06/2022;;
C902927L;25/06/2022;;
C906123L;13/06/2022;;
C903814L;14/06/2022;;
C787211L;22/06/2022;;
C254504L;06/06/2022;;
C821812L;06/06/2022;;
C791660L;01/06/2022;;
C482397L;14/06/2022;;
C598984L;16/06/2022;;
C159556L;09/06/2022;;
C418081L;03/06/2022;;
C183259L;05/06/2022;;
C528351L;09/06/2022;;
C548952L;02/06/2022;;
C311438L;11/06/2022;;
C466208L;12/06/2022;;
C423666L;23/06/2022;;
C711954L;24/06/2022;;
C577176L;01/06/2022;;
C874037L;11/06/2022;;
C587254L;26/06/2022;;
C886226L;18/06/2022;;
C855607L;01/06/2022;;
C512759L;25/06/2022;;
C854425L;19/06/2022;;
C890087L;10/06/2022;;
C266788L;06/06/2022;;
C974256L;01/06/2022;;
C932834L;01/06/2022;;
C232704L;02/06/2022;;
C867922L;22/06/2022;;
C508405L;20/06/2022;;
C579948L;22/06/2022;;
C679812L;19/06/2022;;
C711453L;03/06/2022;;
C715899L;26/06/2022;;
C249751L;19/06/2022;;
C668516L;11/06/2022;;
C551297L;14/06/2022;;
C575300L;20/06/2022;;
C115342L;17/06/2022;;
C716226L;28/06/2022;;
C626822L;04/06/2022;;
C235587L;28/06/2022;;
C935534L;15/06/2022;;
C366574L;19/06/2022;;
C203175L;14/06/2022;;
C751410L;04/06/2022;;
C531952L;16/06/2022;;
C130909L;05/06/2022;;
C949390L;03/06/2022;;
C802022L;08/06/2022;;
C866259L;04/06/2022;;
C327193L;11/06/2022;;
C791372L;06/06/2022;;
C943785L;24/06/2022;;
C781599L;22/06/2022;;
C614531L;09/06/2022;;
C367884L;12/06/2022;;
C688087L;18/06/2022;;
C517976L;13/06/2022;;
C208711L;14/06/2022;;
C632012L;28/06/2022;;
C115461L;15/06/2022;;
C359192L;20/06/2022;;
C899603L;11/06/2022;;
C913774L;08/06/2022;;
C174328L;03/06/2022;;
C641017L;26/06/2022;;
C411376L;28/06/2022;;
C551986L;04/06/2022;;
C794549L;12/06/2022;;
C775669L;07/06/2022;;
C127207L;25/06/2022;;
C326415L;01/06/2022;;
C833283L;14/06/2022;;
C255099L;10/06/2022;;
C646589L;13/06/2022;;
C836000L;12/06/2022;;
C781591L;12/06/2022;;
C228285L;07/06/2022;;
C967906L;01/06/2022;;
C831192L;18/06/2022;;
C621738L;27/06/2022;;
C265593L;23/06/2022;;
C618204L;20/06/2022;;
C914542L;16/06/2022;;
C295434L;07/06/2022;;
C671684L;04/06/2022;;
C414773L;16/06/2022;;
C867007L;05/06/2022;;
C970697L;26/06/2022;;
C516220L;17/06/2022;;
C749600L;24/06/2022;;
C210337L;26/06/2022;;
C848074L;03/06/2022;;
C775266L;17/06/2022;;
C532480L;03/06/2022;;
C857523L;24/07/2022;;
C158331L;16/07/2022;;
C527600L;19/07/2022;;
C508330L;16/07/2022;;
C954904L;22/07/2022;;
C380765L;21/07/2022;;
C559933L;02/07/2022;;
C675039L;13/07/2022;;
C356931L;04/07/2022;;
C597836L;19/07/2022;;
C976924L;08/07/2022;;
C510154L;17/07/2022;;
C787119L;03/07/2022;;
C822619L;05/07/2022;;
C492939L;19/07/2022;;
C488123L;18/07/2022;;
C308277L;26/07/2022;;
C189144L;01/07/2022;;
C543805L;01/07/2022;;
C749092L;04/07/2022;;
C803978L;14/07/2022;;
C813665L;20/07/2022;;
C534714L;12/07/2022;;
C302826L;20/07/2022;;
C377488L;19/07/2022;;
C995819L;21/07/2022;;
C454810L;07/07/2022;;
C901892L;26/07/2022;;
C987822L;07/07/2022;;
C485142L;10/07/2022;;
C617766L;20/07/2022;;
C339933L;05/07/2022;;
C290251L;16/07/2022;;
C324759L;04/07/2022;;
C275380L;28/07/2022;;
C696066L;17/07/2022;;
C678332L;23/07/2022;;
C446421L;10/07/2022;;
C448709L;05/07/2022;;
C700491L;03/07/2022;;
C782890L;14/07/2022;;
C791059L;08/07/2022;;
C322236L;24/07/2022;;
C375865L;20/07/2022;;
C150235L;17/07/2022;;
C594441L;13/07/2022;;
C480851L;25/07/2022;;
C852181L;12/07/2022;;
C438910L;02/07/2022;;
C846030L;01/07/2022;;
C457096L;04/07/2022;;
C998826L;14/07/2022;;
C776042L;11/07/2022;;
C210771L;04/07/2022;;
C268365L;21/07/2022;;
C515315L;11/07/2022;;
C824977L;11/07/2022;;
C403379L;28/07/2022;;
C916534L;17/07/2022;;
C699058L;20/07/2022;;
C621610L;13/07/2022;;
C203955L;14/07/2022;;
C573426L;07/07/2022;;
C419677L;23/07/2022;;
C517438L;25/07/2022;;
C881371L;12/07/2022;;
C455011L;20/07/2022;;
C893408L;25/07/2022;;
C427924L;04/07/2022;;
C966491L;03/07/2022;;
C710076L;10/07/2022;;
C170700L;19/07/2022;;
C880014L;11/07/2022;;
C927548L;14/07/2022;;
C342990L;06/07/2022;;
C133315L;27/07/2022;;
C574758L;26/07/2022;;
C634136L;16/07/2022;;
C788957L;26/07/2022;;
C674696L;18/07/2022;;
C119869L;03/07/2022;;
C123513L;08/07/2022;;
C238230L;08/07/2022;;
C319814L;07/07/2022;;
C148697L;16/07/2022;;
C560369L;24/07/2022;;
C432990L;19/07/2022;;
C563862L;21/07/2022;;
C873465L;03/07/2022;;
C820267L;05/07/2022;;
C248585L;10/07/2022;;
C527055L;16/07/2022;;
C794312L;25/07/2022;;
C322065L;10/07/2022;;
C398847L;14/07/2022;;
C531871L;03/07/2022;;
C680487L;16/07/2022;;
C242911L;17/07/2022;;
C494548L;15/07/2022;;
C218482L;08/07/2022;;
C718522L;21/07/2022;;
C763658L;18/07/2022;;
C724390L;15/07/2022;;
C854263L;25/07/2022;;
C362779L;07/07/2022;;
C933480L;10/07/2022;;
C240527L;06/07/2022;;
C765760L;16/07/2022;;
C876359L;28/07/2022;;
C413128L;25/07/2022;;
C800800L;17/07/2022;;
C604713L;09/07/2022;;
C818621L;18/07/2022;;
C157094L;10/07/2022;;
C654626L;04/07/2022;;
C148834L;19/07/2022;;
C838592L;04/07/2022;;
C763228L;05/07/2022;;
C201512L;12/07/2022;;
C238651L;11/07/2022;;
C898427L;28/07/2022;;
C570821L;05/07/2022;;
C976390L;10/07/2022;;
C149895L;20/07/2022;;
C208006L;27/07/2022;;
C709590L;11/07/2022;;
C653890L;13/07/2022;;
C350869L;04/07/2022;;
C674489L;06/07/2022;;
C325171L;26/07/2022;;
C354134L;06/07/2022;;
C394285L;07/07/2022;;
C405274L;03/07/2022;;
C924660L;27/07/2022;;
C893893L;20/07/2022;;
C744182L;21/07/2022;;
C888130L;13/07/2022;;
C117901L;10/07/2022;;
C690363L;19/07/2022;;
C501323L;21/07/2022;;
C499767L;18/07/2022;;
C763177L;18/07/2022;;
C625105L;24/07/2022;;
C360501L;10/07/2022;;
C257349L;17/07/2022;;
C910506L;23/07/2022;;
C620483L;18/07/2022;;
C596112L;02/07/2022;;
C701923L;27/07/2022;;
C495308L;28/07/2022;;
C619834L;23/07/2022;;
C975919L;28/07/2022;;
C652751L;19/07/2022;;
C420781L;28/07/2022;;
C363738L;09/07/2022;;
C683241L;11/07/2022;;
C581597L;02/07/2022;;
C406406L;08/07/2022;;
C481492L;15/07/2022;;
C179537L;19/07/2022;;
C969725L;11/07/2022;;
C186002L;25/07/2022;;
C815209L;16/07/2022;;
C732517L;22/07/2022;;
C613878L;20/07/2022;;
C615032L;27/07/2022;;
C201138L;21/07/2022;;
C301035L;21/07/2022;;
C220203L;08/07/2022;;
C478438L;27/07/2022;;
C499302L;13/07/2022;;
C892839L;07/07/2022;;
C299981L;03/07/2022;;
C910919L;21/07/2022;;
C417245L;26/07/2022;;
C225403L;19/07/2022;;
C773013L;06/07/2022;;
C430127L;03/07/2022;;
C887176L;05/07/2022;;
C216058L;24/07/2022;;
C998847L;03/07/2022;;
C663429L;20/07/2022;;
C256400L;06/07/2022;;
C702427L;01/07/2022;;
C807679L;20/07/2022;;
C348449L;07/07/2022;;
C385750L;08/07/2022;;
C295679L;23/07/2022;;
C678059L;04/07/2022;;
C724228L;19/07/2022;;
C681808L;24/07/2022;;
C523551L;12/07/2022;;
C500989L;02/07/2022;;
C665419L;06/07/2022;;
C278051L;18/07/2022;;
C498022L;24/07/2022;;
C421020L;07/07/2022;;
C414907L;26/07/2022;;
C195614L;18/07/2022;;
C761708L;19/07/2022;;
C731348L;10/07/2022;;
C606338L;01/07/2022;;
C305250L;01/07/2022;;
C336822L;04/08/2022;;
C338431L;21/08/2022;;
C780258L;12/08/2022;;
C711147L;28/08/2022;;
C987678L;20/08/2022;;
C650808L;09/08/2022;;
C507691L;22/08/2022;;
C773779L;02/08/2022;;
C593068L;21/08/2022;;
C466867L;28/08/2022;;
C831157L;14/08/2022;;
C771189L;22/08/2022;;
C886643L;19/08/2022;;
C325659L;15/08/2022;;
C111795L;06/08/2022;;
C117258L;01/08/2022;;
C565012L;03/08/2022;;
C517688L;24/08/2022;;
C357173L;01/08/2022;;
C107850L;03/08/2022;;
C637564L;11/08/2022;;
C414142L;09/08/2022;;
C533914L;07/08/2022;;
C752594L;22/08/2022;;
C285749L;23/08/2022;;
C193600L;09/08/2022;;
C862888L;19/08/2022;;
C780754L;25/08/2022;;
C975490L;02/08/2022;;
C514998L;06/08/2022;;
C815278L;28/08/2022;;
C638447L;04/08/2022;;
C217246L;04/08/2022;;
C987729L;09/08/2022;;
C670306L;10/08/2022;;
C788348L;25/08/2022;;
C430651L;10/08/2022;;
C741725L;25/08/2022;;
C927175L;13/08/2022;;
C690627L;16/08/2022;;
C478613L;01/08/2022;;
C202398L;18/08/2022;;
C347731L;05/08/2022;;
C872183L;22/08/2022;;
C887896L;20/08/2022;;
C134052L;13/08/2022;;
C441685L;22/08/2022;;
C253957L;24/08/2022;;
C418738L;24/08/2022;;
C950260L;24/08/2022;;
C266766L;14/08/2022;;
C668740L;18/08/2022;;
C358631L;21/08/2022;;
C560023L;10/08/2022;;
C717559L;16/08/2022;;
C118321L;11/08/2022;;
C442477L;11/08/2022;;
C312751L;16/08/2022;;
C240610L;24/08/2022;;
C983543L;21/08/2022;;
C782569L;10/08/2022;;
C383266L;13/08/2022;;
C517907L;15/08/2022;;
C738812L;22/08/2022;;
C877563L;24/08/2022;;
C179670L;17/08/2022;;
C287698L;23/08/2022;;
C297051L;28/08/2022;;
C623835L;16/08/2022;;
C130483L;25/08/2022;;
C527720L;04/08/2022;;
C239518L;14/08/2022;;
C949560L;02/08/2022;;
C693637L;07/08/2022;;
C370700L;04/08/2022;;
C110122L;14/08/2022;;
C816599L;18/08/2022;;
C656580L;15/08/2022;;
C943127L;12/08/2022;;
C925840L;28/08/2022;;
C930543L;21/08/2022;;
